trial,hyperparameters,cv_mean,cv_std,fold_scores
1,"{'learning_rate': 0.005314222181630301, 'dropout1': 0.4431926810285577, 'dropout2': 0.5838986725170922, 'units1': 448, 'units2': 64}",0.8785714268684387,0.02962350456545745,"[0.9071428775787354, 0.8428571224212646, 0.8428571224212646, 0.8928571343421936, 0.9071428775787354]"
2,"{'learning_rate': 0.00826829437874162, 'dropout1': 0.13430649652522733, 'dropout2': 0.3566426971125326, 'units1': 128, 'units2': 64}",0.8914285659790039,0.029416086679499836,"[0.9214285612106323, 0.8357142806053162, 0.9071428775787354, 0.8999999761581421, 0.8928571343421936]"
3,"{'learning_rate': 0.00781480033031578, 'dropout1': 0.12786137695483735, 'dropout2': 0.1908839856037704, 'units1': 128, 'units2': 192}",0.8814285635948181,0.03338090749824196,"[0.9285714030265808, 0.8285714387893677, 0.8928571343421936, 0.8928571343421936, 0.8642857074737549]"
4,"{'learning_rate': 0.008822453555647071, 'dropout1': 0.6004232625028258, 'dropout2': 0.3941597501706743, 'units1': 384, 'units2': 192}",0.7942857146263123,0.03999999378408953,"[0.8357142806053162, 0.75, 0.8428571224212646, 0.7928571701049805, 0.75]"
5,"{'learning_rate': 0.0018050131164477074, 'dropout1': 0.46881171830741053, 'dropout2': 0.42897066210486046, 'units1': 128, 'units2': 64}",0.9100000023841858,0.016035663469938274,"[0.9142857193946838, 0.8785714507102966, 0.9214285612106323, 0.9142857193946838, 0.9214285612106323]"
6,"{'learning_rate': 0.005645080937699706, 'dropout1': 0.6502730423419327, 'dropout2': 0.11062700955694725, 'units1': 192, 'units2': 128}",0.8428571462631226,0.027479119999571852,"[0.8857142925262451, 0.800000011920929, 0.8500000238418579, 0.8357142806053162, 0.8428571224212646]"
7,"{'learning_rate': 0.0001902216612978803, 'dropout1': 0.1872384045294958, 'dropout2': 0.6579999317416434, 'units1': 256, 'units2': 64}",0.9071428537368774,0.012777530538404146,"[0.8999999761581421, 0.8857142925262451, 0.9142857193946838, 0.9214285612106323, 0.9142857193946838]"
8,"{'learning_rate': 0.005399169672894983, 'dropout1': 0.25869919067651204, 'dropout2': 0.6773595476465083, 'units1': 128, 'units2': 128}",0.8871428728103637,0.018844155216241228,"[0.8571428656578064, 0.8857142925262451, 0.9071428775787354, 0.9071428775787354, 0.8785714507102966]"
9,"{'learning_rate': 0.005631358448933054, 'dropout1': 0.49850883186504025, 'dropout2': 0.10211017536120107, 'units1': 128, 'units2': 128}",0.8857142806053162,0.02892634884472884,"[0.8999999761581421, 0.8571428656578064, 0.8928571343421936, 0.9285714030265808, 0.8500000238418579]"
10,"{'learning_rate': 0.008538858582408392, 'dropout1': 0.41012832021947243, 'dropout2': 0.1074195593322475, 'units1': 320, 'units2': 64}",0.8871428728103637,0.024494889363016713,"[0.9142857193946838, 0.8500000238418579, 0.8785714507102966, 0.9142857193946838, 0.8785714507102966]"
11,"{'learning_rate': 0.0008572348610295873, 'dropout1': 0.32227631466387124, 'dropout2': 0.27678218208185407, 'units1': 256, 'units2': 192}",0.9171428442001343,0.010690445853303738,"[0.9142857193946838, 0.8999999761581421, 0.9285714030265808, 0.9285714030265808, 0.9142857193946838]"
12,"{'learning_rate': 0.007492148479554281, 'dropout1': 0.4727642159560107, 'dropout2': 0.34859783929871846, 'units1': 448, 'units2': 64}",0.868571424484253,0.025793517582357952,"[0.8642857074737549, 0.8285714387893677, 0.8571428656578064, 0.8999999761581421, 0.8928571343421936]"
13,"{'learning_rate': 0.004062814143082665, 'dropout1': 0.5891593252059204, 'dropout2': 0.3280403857676151, 'units1': 384, 'units2': 128}",0.8742857098579406,0.02415932971917287,"[0.8928571343421936, 0.8285714387893677, 0.8928571343421936, 0.8857142925262451, 0.8714285492897034]"
14,"{'learning_rate': 0.00029771319862365866, 'dropout1': 0.6416832904668917, 'dropout2': 0.3555827762482936, 'units1': 384, 'units2': 128}",0.9042857050895691,0.033685225596410226,"[0.9142857193946838, 0.8428571224212646, 0.8999999761581421, 0.9428571462631226, 0.9214285612106323]"
15,"{'learning_rate': 0.0033445992611372275, 'dropout1': 0.2696850162672439, 'dropout2': 0.4014338736153339, 'units1': 128, 'units2': 256}",0.8828571319580079,0.027701027335108576,"[0.8999999761581421, 0.8571428656578064, 0.8428571224212646, 0.9142857193946838, 0.8999999761581421]"
16,"{'learning_rate': 0.0016100378325621832, 'dropout1': 0.5434120255592416, 'dropout2': 0.5363504751166416, 'units1': 320, 'units2': 192}",0.895714282989502,0.03458205627880212,"[0.9214285612106323, 0.8357142806053162, 0.8857142925262451, 0.9357143044471741, 0.8999999761581421]"
17,"{'learning_rate': 0.006261100760713749, 'dropout1': 0.4025660812209828, 'dropout2': 0.33199543563273426, 'units1': 512, 'units2': 256}",0.881428575515747,0.014708031182193056,"[0.8999999761581421, 0.8785714507102966, 0.8785714507102966, 0.8928571343421936, 0.8571428656578064]"
18,"{'learning_rate': 0.0032533733917759805, 'dropout1': 0.6684908952814672, 'dropout2': 0.5658428786128464, 'units1': 256, 'units2': 192}",0.8742857098579406,0.02579352022331556,"[0.8999999761581421, 0.8285714387893677, 0.8642857074737549, 0.8857142925262451, 0.8928571343421936]"
19,"{'learning_rate': 0.004283873342360602, 'dropout1': 0.32343820206129126, 'dropout2': 0.5620986235486856, 'units1': 448, 'units2': 256}",0.8914285778999329,0.035398606336436336,"[0.8999999761581421, 0.8285714387893677, 0.9071428775787354, 0.9357143044471741, 0.8857142925262451]"
20,"{'learning_rate': 0.0003624827465836651, 'dropout1': 0.3466101120057409, 'dropout2': 0.17386315465116042, 'units1': 128, 'units2': 64}",0.9214285612106323,0.01969149055730956,"[0.9285714030265808, 0.8928571343421936, 0.9071428775787354, 0.949999988079071, 0.9285714030265808]"
21,"{'learning_rate': 0.005034332957358227, 'dropout1': 0.4263414657497555, 'dropout2': 0.5559249140967343, 'units1': 192, 'units2': 256}",0.8628571391105652,0.028356335415353536,"[0.8714285492897034, 0.8285714387893677, 0.8714285492897034, 0.9071428775787354, 0.8357142806053162]"
22,"{'learning_rate': 0.008689029610736115, 'dropout1': 0.4532431076670511, 'dropout2': 0.3668352634643416, 'units1': 320, 'units2': 192}",0.8414285778999329,0.03238795433487905,"[0.8714285492897034, 0.7785714268684387, 0.8500000238418579, 0.8500000238418579, 0.8571428656578064]"
23,"{'learning_rate': 0.0012094558711958742, 'dropout1': 0.36383514160070796, 'dropout2': 0.680236676072892, 'units1': 512, 'units2': 128}",0.9014285683631897,0.02185293908036126,"[0.9071428775787354, 0.8642857074737549, 0.9142857193946838, 0.9285714030265808, 0.8928571343421936]"
24,"{'learning_rate': 0.007727107256761972, 'dropout1': 0.27344297691115416, 'dropout2': 0.6549531607697004, 'units1': 192, 'units2': 192}",0.8799999952316284,0.023647073108886765,"[0.8857142925262451, 0.8428571224212646, 0.8999999761581421, 0.9071428775787354, 0.8642857074737549]"
25,"{'learning_rate': 0.007319316249426142, 'dropout1': 0.17809531248981014, 'dropout2': 0.20351079892841256, 'units1': 320, 'units2': 256}",0.8771428465843201,0.0317515894819784,"[0.8928571343421936, 0.8142856955528259, 0.8857142925262451, 0.8928571343421936, 0.8999999761581421]"
26,"{'learning_rate': 0.00853543598330714, 'dropout1': 0.3901021139553791, 'dropout2': 0.548931415574116, 'units1': 448, 'units2': 256}",0.8557142853736878,0.03362458383453294,"[0.8571428656578064, 0.8357142806053162, 0.9071428775787354, 0.8714285492897034, 0.8071428537368774]"
27,"{'learning_rate': 0.009930970603122261, 'dropout1': 0.6234734080639593, 'dropout2': 0.6214436871975673, 'units1': 128, 'units2': 192}",0.6899999976158142,0.04252251312705096,"[0.6214285492897034, 0.6785714030265808, 0.7142857313156128, 0.6857143044471741, 0.75]"
28,"{'learning_rate': 0.009510713366967155, 'dropout1': 0.37547990277713017, 'dropout2': 0.5842180979385323, 'units1': 256, 'units2': 128}",0.854285717010498,0.02695422956747655,"[0.8785714507102966, 0.8214285969734192, 0.8428571224212646, 0.8928571343421936, 0.8357142806053162]"
29,"{'learning_rate': 0.001296651303006856, 'dropout1': 0.13388759230575856, 'dropout2': 0.5098500674216496, 'units1': 256, 'units2': 64}",0.9157142877578736,0.019897706195381847,"[0.9071428775787354, 0.8928571343421936, 0.9428571462631226, 0.9357143044471741, 0.8999999761581421]"
30,"{'learning_rate': 0.006077469385886659, 'dropout1': 0.38034144724180485, 'dropout2': 0.3105524271634683, 'units1': 448, 'units2': 128}",0.8899999976158142,0.03083861611200055,"[0.9428571462631226, 0.8500000238418579, 0.8714285492897034, 0.8928571343421936, 0.8928571343421936]"
31,"{'learning_rate': 0.0053105678998169115, 'dropout1': 0.39271479924816466, 'dropout2': 0.33519983415375065, 'units1': 128, 'units2': 256}",0.8828571200370788,0.03875616902209656,"[0.8999999761581421, 0.8142856955528259, 0.8714285492897034, 0.9285714030265808, 0.8999999761581421]"
32,"{'learning_rate': 0.004785084850603484, 'dropout1': 0.6487518734089557, 'dropout2': 0.6784963558482128, 'units1': 320, 'units2': 128}",0.8328571438789367,0.02657295887579707,"[0.8571428656578064, 0.7928571701049805, 0.8142856955528259, 0.8642857074737549, 0.8357142806053162]"
33,"{'learning_rate': 0.009898850235928632, 'dropout1': 0.5886435550733882, 'dropout2': 0.10175475183407204, 'units1': 320, 'units2': 128}",0.8171428561210632,0.05241124986313433,"[0.8285714387893677, 0.7285714149475098, 0.8142856955528259, 0.8928571343421936, 0.8214285969734192]"
34,"{'learning_rate': 0.00022180541372466235, 'dropout1': 0.33511523269595045, 'dropout2': 0.49904519057754704, 'units1': 128, 'units2': 256}",0.9071428537368774,0.018626280047413492,"[0.9142857193946838, 0.8785714507102966, 0.8928571343421936, 0.9285714030265808, 0.9214285612106323]"
35,"{'learning_rate': 0.0038285107940898818, 'dropout1': 0.6040011748594047, 'dropout2': 0.1326031023154005, 'units1': 320, 'units2': 128}",0.8857142806053162,0.015649225878225596,"[0.8928571343421936, 0.8714285492897034, 0.8928571343421936, 0.9071428775787354, 0.8642857074737549]"
36,"{'learning_rate': 0.00671882043511498, 'dropout1': 0.1660899987886465, 'dropout2': 0.36226940631100923, 'units1': 256, 'units2': 128}",0.9042857050895691,0.013248022418835407,"[0.8999999761581421, 0.8928571343421936, 0.8928571343421936, 0.9285714030265808, 0.9071428775787354]"
37,"{'learning_rate': 0.0035342905749211058, 'dropout1': 0.4838190584899257, 'dropout2': 0.5547657097303511, 'units1': 192, 'units2': 192}",0.8899999976158142,0.021946134056029767,"[0.8999999761581421, 0.8571428656578064, 0.8714285492897034, 0.9071428775787354, 0.9142857193946838]"
38,"{'learning_rate': 0.004510544627543901, 'dropout1': 0.29399700693534764, 'dropout2': 0.4393998886214795, 'units1': 384, 'units2': 192}",0.895714282989502,0.020503857301456596,"[0.8642857074737549, 0.8857142925262451, 0.9142857193946838, 0.9214285612106323, 0.8928571343421936]"
39,"{'learning_rate': 0.00690800284064956, 'dropout1': 0.640734120577094, 'dropout2': 0.1699025563178214, 'units1': 384, 'units2': 256}",0.8314285635948181,0.03630931968393573,"[0.8714285492897034, 0.7714285850524902, 0.8642857074737549, 0.8357142806053162, 0.8142856955528259]"
40,"{'learning_rate': 0.0077971438607601735, 'dropout1': 0.41580015245939794, 'dropout2': 0.12161665974084722, 'units1': 512, 'units2': 256}",0.8799999952316284,0.019378072207534288,"[0.8928571343421936, 0.8500000238418579, 0.8928571343421936, 0.8999999761581421, 0.8642857074737549]"
41,"{'learning_rate': 0.002353419836055691, 'dropout1': 0.5492425405986462, 'dropout2': 0.22935114368504167, 'units1': 512, 'units2': 128}",0.8957142949104309,0.02194613095207821,"[0.9142857193946838, 0.8571428656578064, 0.9071428775787354, 0.9142857193946838, 0.8857142925262451]"
42,"{'learning_rate': 0.0007266820020072626, 'dropout1': 0.5345743494363848, 'dropout2': 0.6214233313406403, 'units1': 320, 'units2': 128}",0.9128571271896362,0.014568622806510508,"[0.9285714030265808, 0.8928571343421936, 0.9142857193946838, 0.9285714030265808, 0.8999999761581421]"
43,"{'learning_rate': 0.006281627181771512, 'dropout1': 0.34449418876453897, 'dropout2': 0.5711310238162034, 'units1': 128, 'units2': 64}",0.8771428465843201,0.02276767959312073,"[0.8999999761581421, 0.8428571224212646, 0.8928571343421936, 0.8571428656578064, 0.8928571343421936]"
44,"{'learning_rate': 0.007299772351643574, 'dropout1': 0.30845403012465616, 'dropout2': 0.43245319498172285, 'units1': 256, 'units2': 256}",0.8671428561210632,0.030169567980419455,"[0.8642857074737549, 0.8500000238418579, 0.8999999761581421, 0.8999999761581421, 0.8214285969734192]"
45,"{'learning_rate': 0.006504446146892714, 'dropout1': 0.5160011343185807, 'dropout2': 0.5659435126254938, 'units1': 512, 'units2': 192}",0.8614285826683045,0.020503856470887885,"[0.8642857074737549, 0.8285714387893677, 0.8500000238418579, 0.8785714507102966, 0.8857142925262451]"
46,"{'learning_rate': 0.007800204878533122, 'dropout1': 0.4850372883528933, 'dropout2': 0.1374046128040566, 'units1': 128, 'units2': 128}",0.8571428656578064,0.03319699300170513,"[0.8500000238418579, 0.8357142806053162, 0.8500000238418579, 0.9214285612106323, 0.8285714387893677]"
47,"{'learning_rate': 0.0011434214185962587, 'dropout1': 0.3463934233556438, 'dropout2': 0.15929604895662705, 'units1': 384, 'units2': 192}",0.908571434020996,0.016536916599044105,"[0.9071428775787354, 0.8857142925262451, 0.9142857193946838, 0.9357143044471741, 0.8999999761581421]"
48,"{'learning_rate': 0.005389906462897422, 'dropout1': 0.6917150979346781, 'dropout2': 0.5408658851014291, 'units1': 384, 'units2': 192}",0.8314285755157471,0.021476127284179167,"[0.8285714387893677, 0.8357142806053162, 0.8571428656578064, 0.8428571224212646, 0.7928571701049805]"
49,"{'learning_rate': 0.009738021484096904, 'dropout1': 0.6265825810117218, 'dropout2': 0.6589980388098932, 'units1': 384, 'units2': 128}",0.7457142829895019,0.05469768803400429,"[0.800000011920929, 0.6785714030265808, 0.7571428418159485, 0.8071428537368774, 0.6857143044471741]"
50,"{'learning_rate': 0.0004810841834121823, 'dropout1': 0.18734743474230478, 'dropout2': 0.6608202150284539, 'units1': 192, 'units2': 128}",0.9028571367263794,0.020995626737514074,"[0.9142857193946838, 0.8714285492897034, 0.8857142925262451, 0.9285714030265808, 0.9142857193946838]"
