num_blocks,num_layers_per_block,filters_b1_l1,kernel_size_b1_l1,pool_size_b1,dense_units,dropout,lr,filters_b1_l2,kernel_size_b1_l2,filters_b2_l1,kernel_size_b2_l1,filters_b2_l2,kernel_size_b2_l2,pool_size_b2,cv_score,cv_std,cv_prec,cv_recall,filters_b3_l1,kernel_size_b3_l1,filters_b3_l2,kernel_size_b3_l2,pool_size_b3,filters_b1_l3,kernel_size_b1_l3,filters_b2_l3,kernel_size_b2_l3,filters_b3_l3,kernel_size_b3_l3
1,2,32,3,2,384,0.4,0.0018614191986076204,112,3,80,3,112,3,3,0.9193201899528504,0.011434240070367177,0.9177963659745529,0.9112966233113292,,,,,,,,,,,
2,2,128,3,2,512,0.5,0.0051371075077117,112,5,112,5,48,3,2,0.9077781319618226,0.017279612857432364,0.9057436261746062,0.8987135119782179,96.0,3.0,128.0,5.0,3.0,48.0,3.0,16.0,5.0,96.0,5.0
1,1,32,5,3,384,0.2,0.00359800375100564,32,3,64,5,112,3,2,0.9063392758369446,0.017624299202470155,0.9088023503283633,0.8981072734455087,48.0,3.0,16.0,5.0,2.0,80.0,3.0,64.0,3.0,128.0,5.0
1,3,48,3,2,448,0.5,0.0010104015908082703,112,3,80,3,96,3,3,0.9063080072402954,0.018399938879533707,0.9036555875325224,0.8958083697348403,80.0,5.0,64.0,5.0,2.0,96.0,5.0,48.0,3.0,64.0,3.0
1,1,32,3,3,320,0.30000000000000004,0.001592797574789083,80,5,32,5,80,5,2,0.900573456287384,0.009570668384228135,0.901466766120017,0.8900776919159273,96.0,5.0,32.0,5.0,3.0,80.0,3.0,128.0,5.0,64.0,3.0
1,2,16,3,2,192,0.30000000000000004,0.0017551686493391067,16,3,128,3,112,5,2,0.8991554617881775,0.009998823316617928,0.8963618207856664,0.8868756521256522,112.0,5.0,112.0,3.0,2.0,48.0,3.0,48.0,5.0,80.0,5.0
1,2,48,5,3,256,0.6,0.0005935157243286463,112,3,80,3,16,5,3,0.8991137504577636,0.01305888301193507,0.8978803603517225,0.8904920667567726,,,,,,,,,,,
2,3,112,5,2,64,0.30000000000000004,0.0005663063338213743,48,3,64,3,48,5,3,0.8991137504577636,0.017761049595607807,0.9033393428896526,0.8943375268522328,16.0,3.0,32.0,3.0,2.0,32.0,3.0,80.0,5.0,96.0,3.0
1,3,80,3,3,128,0.4,0.006820026103064649,112,3,64,5,112,5,2,0.897664487361908,0.023533439784858026,0.8959137374493412,0.8908508827773532,48.0,5.0,48.0,3.0,3.0,16.0,3.0,,,,
2,3,80,5,3,256,0.30000000000000004,0.0013046810082496503,16,3,48,5,48,5,3,0.896298599243164,0.020492000108241384,0.8981937566255105,0.8861668168432875,64.0,3.0,112.0,5.0,2.0,16.0,5.0,64.0,3.0,112.0,3.0
1,2,80,3,3,64,0.6,0.0003800349902627213,96,3,16,3,48,3,3,0.8962777614593506,0.016018678341096285,0.8928212996154172,0.8866294930559636,,,,,,,,,,,
2,2,128,3,2,320,0.1,0.005859091016046747,32,3,112,3,32,5,3,0.8948493361473083,0.013887389584458103,0.8974889912588123,0.8902174165703579,,,,,,,,,,,
1,2,112,3,2,64,0.30000000000000004,0.0019779296003476373,64,5,80,5,96,5,2,0.8948493361473083,0.019472677178674964,0.8932936631689156,0.8861243038007744,80.0,5.0,48.0,3.0,2.0,80.0,3.0,64.0,5.0,112.0,3.0
3,2,96,3,2,128,0.4,0.00022386931737298818,128,5,112,3,16,3,2,0.8948180556297303,0.020114699776733184,0.8930627768381841,0.886169639184345,32.0,5.0,128.0,3.0,2.0,112.0,5.0,112.0,5.0,16.0,5.0
3,3,96,5,2,448,0.4,0.0011238400290001951,48,5,128,3,48,3,2,0.8919507980346679,0.022204538899341934,0.8901996683227333,0.8765633680045444,128.0,5.0,64.0,3.0,2.0,128.0,3.0,112.0,3.0,64.0,3.0
2,1,64,3,3,384,0.2,0.00020316361619530612,96,5,32,5,128,3,2,0.8890105247497558,0.020902098931717752,0.8868096275929093,0.8760826787591494,16.0,3.0,48.0,5.0,3.0,128.0,5.0,64.0,3.0,32.0,5.0
2,2,16,5,3,128,0.5,0.0030521368284772616,32,5,96,3,48,5,3,0.8876133918762207,0.014771522164818555,0.8847188922188923,0.8819783582430641,,,,,,,,,,,
3,2,96,5,3,512,0.30000000000000004,0.000134820344475202,128,5,80,5,112,3,2,0.8847461104393005,0.014953805529730664,0.8858093746974822,0.8737907762172469,16.0,3.0,16.0,3.0,2.0,,,,,,
1,2,32,5,3,192,0.1,0.00019536286682862418,48,5,16,5,16,3,3,0.8847356915473938,0.006265253591935613,0.8813245333957409,0.874319406084112,16.0,5.0,32.0,5.0,3.0,64.0,5.0,16.0,5.0,96.0,5.0
3,3,64,5,3,512,0.6,0.00010969473489808994,96,5,80,3,48,5,3,0.8789907336235047,0.025382562654170056,0.8776992840358367,0.8705446612211318,80.0,3.0,128.0,3.0,3.0,112.0,3.0,112.0,3.0,128.0,5.0
3,3,128,5,3,512,0.2,0.00019874296211660667,16,5,16,5,64,3,2,0.8775310158729553,0.01430871991175512,0.8730148674854558,0.8625166614431322,32.0,3.0,48.0,3.0,2.0,16.0,5.0,16.0,3.0,16.0,3.0
2,1,48,5,3,512,0.2,0.0004900688590401333,128,3,16,3,96,5,2,0.8761234521865845,0.03374641400456101,0.8716473890223385,0.8653842660607367,16.0,5.0,32.0,5.0,3.0,32.0,3.0,112.0,3.0,16.0,5.0
1,2,32,5,3,64,0.1,0.00016530629852860978,48,3,128,3,128,3,3,0.8761025905609131,0.02883648381692845,0.8741399213961133,0.8613788466435525,80.0,3.0,80.0,3.0,2.0,48.0,5.0,96.0,5.0,64.0,3.0
2,2,64,5,3,512,0.2,0.0034557203461527738,64,3,112,3,64,5,3,0.8746741890907288,0.0189027737815916,0.8753113100947602,0.8616541269188327,16.0,5.0,96.0,3.0,2.0,96.0,3.0,64.0,3.0,64.0,3.0
3,3,80,5,2,320,0.4,0.0002583730885822532,128,3,32,3,128,5,2,0.8732353210449219,0.018335541886333937,0.8695009829949593,0.860001668266374,64.0,5.0,48.0,5.0,3.0,96.0,5.0,96.0,3.0,112.0,3.0
3,2,112,5,2,256,0.6,0.002901772414053112,64,5,32,3,96,5,3,0.8717339038848877,0.023958985330782518,0.8724416283750649,0.8567534916064327,96.0,5.0,64.0,5.0,3.0,48.0,5.0,112.0,5.0,96.0,5.0
2,3,16,3,2,64,0.1,0.00020395682256741523,32,5,64,3,64,5,2,0.8688666343688964,0.025544205574421455,0.8703860099906674,0.8561383926530984,80.0,5.0,96.0,5.0,3.0,128.0,5.0,128.0,3.0,128.0,3.0
3,2,64,5,3,448,0.4,0.00017134710454828187,64,5,96,3,80,3,3,0.8674277901649475,0.012617805022020331,0.8666582054034269,0.8577081676493441,32.0,5.0,48.0,3.0,3.0,16.0,3.0,48.0,5.0,96.0,3.0
2,3,16,5,3,320,0.6,0.002552929004309444,16,3,96,5,80,3,3,0.8631216764450074,0.025689137505313424,0.8595324471747275,0.849512554439025,32.0,5.0,32.0,3.0,3.0,80.0,5.0,32.0,5.0,96.0,3.0
2,2,80,5,3,320,0.4,0.00014658131691758585,16,3,16,3,16,3,2,0.8573871374130249,0.02406140700780307,0.8542794616624608,0.8475311779723544,,,,,,,,,,,
