,Frame_Name,Person,Camera_Angle,Frame_Number,Position,shoulder_tilt_deg,hip_tilt_deg,shoulder_rotation_deg,hip_rotation_deg,forward_tilt_deg,lead_arm_deg,knee_bend_deg
0,eric_DTL_1_frame0.jpg,eric_DTL_1,DTL,frame0,P1,15.339738431289875,3.6161929477059402,87.83244567799605,83.58280646363967,29.226592509228027,177.35397363103834,159.03221182938483
1,eric_DTL_1_frame1.jpg,eric_DTL_1,DTL,frame1,P1,14.87231831669864,3.314034666548423,88.16802153540718,84.5618651411412,30.07324593302885,178.6168215845572,158.94952720376568
2,eric_DTL_1_frame2.jpg,eric_DTL_1,DTL,frame2,P1,11.151092981115486,1.6712290712563345,88.15495241908035,84.75372392475106,30.456134166479515,179.17514413493652,158.75514207102216
3,eric_DTL_1_frame3.jpg,eric_DTL_1,DTL,frame3,P1,2.66064218668045,0.5608182521591516,87.66809044391817,84.49049064142812,30.309499187559624,177.5420643774279,158.7136160179976
4,eric_DTL_1_frame4.jpg,eric_DTL_1,DTL,frame4,P1,1.2292923699428076,0.40083291113218444,86.22777118104898,83.82160532096078,29.86998439973383,173.88225238244635,156.83738124175125
5,eric_DTL_1_frame5.jpg,eric_DTL_1,DTL,frame5,P1,1.1557530877719404,1.0307053252402658,84.30965630463342,82.61021213845704,28.813071489111433,171.38715474224455,155.50857922739485
6,eric_DTL_1_frame6.jpg,eric_DTL_1,DTL,frame6,P1,0.40416709494343195,0.14971620113307468,82.75392246953221,81.73966020762138,27.91804350565961,168.94760345853396,154.3437694515763
7,eric_DTL_1_frame7.jpg,eric_DTL_1,DTL,frame7,P2,5.249461844164789,1.7583876334969908,80.68352622405139,80.29666880059536,26.193215561199995,167.86591373001264,153.1400473203382
8,eric_DTL_1_frame8.jpg,eric_DTL_1,DTL,frame8,P2,7.700220576953727,4.69425489402074,78.5261325048439,78.77874078086786,24.873741839142635,169.34167941118807,151.67657155947583
9,eric_DTL_1_frame9.jpg,eric_DTL_1,DTL,frame9,P2,10.231278207662864,6.653755553785337,77.06851346635091,77.78758082982768,24.228392171977703,169.06256119088985,150.79185071681044
10,eric_DTL_1_frame10.jpg,eric_DTL_1,DTL,frame10,P2,14.192008854073048,7.864413267114013,75.30286368027275,77.31118219830307,23.486385601467425,163.27040899005573,152.24293601604322
11,eric_DTL_1_frame11.jpg,eric_DTL_1,DTL,frame11,P2,16.016016114622364,8.283005839921078,74.2876696646605,76.57435369380823,22.773647857841784,156.41300906769183,152.11749919717252
12,eric_DTL_1_frame12.jpg,eric_DTL_1,DTL,frame12,P2,16.952053310744564,8.277969483675204,72.99531097673098,75.42388092544019,22.03995868832562,147.29694107957366,152.20460664418954
13,eric_DTL_1_frame13.jpg,eric_DTL_1,DTL,frame13,P2,19.266942270334198,8.640334742921318,69.37067099648287,73.59006259530896,21.186668963049794,150.3733844471224,151.85536526156963
14,eric_DTL_1_frame14.jpg,eric_DTL_1,DTL,frame14,P3,21.215397714716485,9.320811123592993,68.12073725550879,73.12793462856467,20.178597425148652,121.0306180235942,148.54392367690838
15,eric_DTL_1_frame15.jpg,eric_DTL_1,DTL,frame15,P3,21.36201267559112,8.006303312452207,69.92315619662817,73.15566109693464,19.432473781723697,59.197433470641585,145.7071963809466
16,eric_DTL_1_frame16.jpg,eric_DTL_1,DTL,frame16,P3,22.344700242760627,7.8372517466534,70.4915283708574,73.21068604378658,18.715717315309686,53.68044396876618,144.27900545247255
17,eric_DTL_1_frame17.jpg,eric_DTL_1,DTL,frame17,P3,20.75235659122521,7.783107478877039,58.499114124601356,71.78353855780126,19.010622221894597,130.55661783207526,142.3360393640155
18,eric_DTL_1_frame18.jpg,eric_DTL_1,DTL,frame18,P3,20.59689730938974,7.1664408896771175,55.89259148257652,71.28563514100662,18.610570141822652,150.06209583236662,140.91455412298885
19,eric_DTL_1_frame19.jpg,eric_DTL_1,DTL,frame19,P3,19.232052167440703,7.489373764882741,22.090827001490812,66.9249073626766,18.210024304291828,157.8764646337647,141.17881819345206
20,eric_DTL_1_frame20.jpg,eric_DTL_1,DTL,frame20,P3,18.605495394704562,7.738866532658328,15.501827425527003,67.32323343660876,18.256098068491806,155.50636152771915,139.32795706232656
21,eric_DTL_1_frame21.jpg,eric_DTL_1,DTL,frame21,P4,17.34310203126764,7.998874063748262,2.6886689302761697,65.86305761550169,18.315497180814585,163.93932198152052,137.88561364643655
22,eric_DTL_1_frame22.jpg,eric_DTL_1,DTL,frame22,P4,16.845381227614023,7.878857436396943,12.016597854809852,66.23615162503609,18.05106916129431,166.8804870603246,136.94244285725827
23,eric_DTL_1_frame23.jpg,eric_DTL_1,DTL,frame23,P4,17.08850241504732,7.477370007334108,18.830550680654696,67.31159077425707,17.634504219556685,174.0185295524983,135.96675226719734
24,eric_DTL_1_frame24.jpg,eric_DTL_1,DTL,frame24,P4,17.22442914131213,7.250384928807076,7.09626750758005,66.962605676179,17.631473688228404,177.0866821692175,134.41316187678075
25,eric_DTL_1_frame25.jpg,eric_DTL_1,DTL,frame25,P4,17.660301822674636,7.153368011569793,10.975176783112378,66.90636074951027,17.55429692370424,173.2086029300633,132.7857035805315
26,eric_DTL_1_frame26.jpg,eric_DTL_1,DTL,frame26,P4,18.4248225401752,7.487394214453814,3.4310117735849635,66.67831752454804,17.82556312105004,173.65347425405622,130.50105131112045
27,eric_DTL_1_frame27.jpg,eric_DTL_1,DTL,frame27,P4,17.978863605137562,7.837262303318821,14.237243483458204,68.13701849839765,18.00250869713669,178.1163723401679,129.2596335776045
28,eric_DTL_1_frame28.jpg,eric_DTL_1,DTL,frame28,P5,15.651136203826981,8.615171897118495,56.919904688566476,73.17479200946599,16.74526876484005,139.14133360020887,129.98857205443392
29,eric_DTL_1_frame29.jpg,eric_DTL_1,DTL,frame29,P5,14.85136421838074,9.117370886875792,58.514857558746456,74.38782655290025,16.48213966353012,123.5800077963527,129.92944515558412
30,eric_DTL_1_frame30.jpg,eric_DTL_1,DTL,frame30,P5,16.88138644282298,9.635391199499743,76.70044360390281,76.9615144207547,16.1659405532368,74.39820728074457,130.5648275735283
31,eric_DTL_1_frame31.jpg,eric_DTL_1,DTL,frame31,P5,6.715670381029613,9.729212716177365,75.56936810256919,78.00239450046591,15.458786625431335,115.77826605821937,143.77707894787454
32,eric_DTL_1_frame32.jpg,eric_DTL_1,DTL,frame32,P6,7.060146548891791,1.721029426189587,79.25201866742799,80.08797149328696,13.598848045183766,172.35398956290067,155.774369020889
33,eric_DTL_1_frame33.jpg,eric_DTL_1,DTL,frame33,P7,7.045153239520691,7.235637325487923,83.35106865640064,82.01435396032335,12.76600417117479,179.90965567736552,159.72058033480835
34,eric_DTL_1_frame34.jpg,eric_DTL_1,DTL,frame34,P7,50.87374468755975,84.5199478384908,86.54951292185356,89.83063695816723,11.121417997981498,139.3195331290167,157.97753728834485
35,eric_DTL_1_frame35.jpg,eric_DTL_1,DTL,frame35,P8,34.37242018851357,29.554138284258368,81.39083032238648,85.62847489469901,11.892356364108261,115.37909058844538,154.0319052519861
36,eric_DTL_1_frame36.jpg,eric_DTL_1,DTL,frame36,P9,29.786622810494343,18.367449396503158,76.41428609886763,81.49922789851615,15.184307127428,119.54688851143605,153.986660403318
37,eric_DTL_1_frame37.jpg,eric_DTL_1,DTL,frame37,P9,28.422941500113282,16.42550858078322,73.94613652597535,80.05935926675855,16.704257168163032,131.5931996265696,156.22515434571258
38,eric_DTL_1_frame38.jpg,eric_DTL_1,DTL,frame38,P9,24.122147626106877,15.402183647616866,69.1706232933953,78.62811441338921,19.30948052913265,150.53525762894455,158.22729594850975
39,eric_DTL_1_frame39.jpg,eric_DTL_1,DTL,frame39,P10,22.02695018947847,12.897898325634921,55.2056483536923,75.22487695859975,19.929800404266036,81.27705437484339,166.25373200534432
40,eric_DTL_1_frame40.jpg,eric_DTL_1,DTL,frame40,P10,18.707314544560276,11.39215986784369,46.99434041317905,67.18965011050591,19.478633459168154,84.83972756234611,170.07408879220128
41,eric_DTL_1_frame41.jpg,eric_DTL_1,DTL,frame41,P10,16.352698322634048,10.290128350053632,29.955611706459585,55.86852564718271,19.18301670141273,85.49673451195193,174.07642762278468
42,eric_DTL_1_frame42.jpg,eric_DTL_1,DTL,frame42,P10,16.269056970430462,9.493394706530987,7.904541127706807,19.693604150076048,17.97162597922871,87.03915748527658,176.50367542355002
43,eric_DTL_1_frame43.jpg,eric_DTL_1,DTL,frame43,P10,17.087843774047652,8.36851507261111,17.123137560625707,4.264653589441504,16.525420735151027,81.25926642448023,177.49676410354226
44,eric_DTL_1_frame44.jpg,eric_DTL_1,DTL,frame44,P10,15.897963754320816,7.281175260799717,23.74548735960093,6.0288269991900165,15.35731774421411,77.46615534954087,177.55832134475955
45,eric_DTL_1_frame45.jpg,eric_DTL_1,DTL,frame45,P10,15.298474821567808,6.398077909889042,53.929386441897634,56.29861227042824,14.083342361174283,70.51073698511794,178.62238708073113
46,grant_DTL_1_frame58.jpg,grant_DTL_1,DTL,frame58,P1,30.223747441074977,45.302131478369205,86.41034341465803,86.45126474544816,19.876921600767147,157.10831620163822,166.26889615773567
47,grant_DTL_1_frame80.jpg,grant_DTL_1,DTL,frame80,P1,20.145048580824668,61.40335286337664,88.81057547930808,89.34806556546731,27.98353553556163,154.62185600401347,163.52776463586403
48,grant_DTL_1_frame90.jpg,grant_DTL_1,DTL,frame90,P1,82.8031678019442,5.03021038813017,89.91618332306243,88.67260038272747,30.921070933611553,157.20691874953258,156.21263407370526
49,grant_DTL_1_frame96.jpg,grant_DTL_1,DTL,frame96,P1,35.70397763720905,13.986332122044416,87.69975136606804,86.36072094871963,32.14785335344423,160.98960771190735,156.36579314078483
50,grant_DTL_1_frame108.jpg,grant_DTL_1,DTL,frame108,P1,32.955499889162866,16.330627940235274,86.44656205270873,84.77898769635529,32.37894119753867,163.71561839132985,157.9558118774807
51,grant_DTL_1_frame112.jpg,grant_DTL_1,DTL,frame112,P1,37.096541692689584,16.883543294894707,86.92259864188203,84.97543286962996,33.25679340423297,164.05234880501425,156.9980367148723
52,grant_DTL_1_frame120.jpg,grant_DTL_1,DTL,frame120,P1,29.817638743608427,15.747807628290161,84.29678350555025,82.1237189623331,31.87093869013254,174.36104319159705,151.8721045239799
53,grant_DTL_1_frame124.jpg,grant_DTL_1,DTL,frame124,P1,30.004400976892384,13.91919859080906,83.69404810475865,81.31802645136618,31.272456509109855,176.42630952871863,148.55420371335453
54,grant_DTL_1_frame126.jpg,grant_DTL_1,DTL,frame126,P1,30.188369446952265,14.807266367693273,83.47389970830525,80.89794079601158,31.31004077247735,175.17033798007049,142.80902054408293
55,grant_DTL_1_frame142.jpg,grant_DTL_1,DTL,frame142,P2,31.163806584288867,17.42676360578235,81.33711548622523,79.49208370149456,31.17969081835797,172.27164478463777,141.58219664635985
56,grant_DTL_1_frame146.jpg,grant_DTL_1,DTL,frame146,P2,33.18365961356673,18.12861341001018,79.768113492344,78.87829251597194,31.037895964781885,170.10567053991736,144.91148080676058
57,grant_DTL_1_frame150.jpg,grant_DTL_1,DTL,frame150,P2,31.64523399005214,15.81541694026637,78.301874603381,78.47396396185039,30.166721770702452,167.96006774272587,140.80340699008173
58,grant_DTL_1_frame156.jpg,grant_DTL_1,DTL,frame156,P2,30.861942750963554,16.70067731523917,77.12385006445095,77.39002953565947,29.24749482605884,169.29961700630494,145.4702116431616
59,grant_DTL_1_frame160.jpg,grant_DTL_1,DTL,frame160,P2,30.42004905219475,16.65974198783156,75.03999284351615,75.59256549013841,28.596778954086382,171.13730326465634,146.4526356127199
60,grant_DTL_1_frame162.jpg,grant_DTL_1,DTL,frame162,P2,30.645047446365805,17.277332958209886,73.8626153281492,74.97142772974455,28.485319350773185,171.57916985161083,145.97162978778485
61,grant_DTL_1_frame166.jpg,grant_DTL_1,DTL,frame166,P2,31.072738940042807,19.38447979189712,70.2917582272954,74.05304248228668,28.7775844455833,169.2332210144981,144.92619525053843
62,grant_DTL_1_frame168.jpg,grant_DTL_1,DTL,frame168,P2,31.39994146151624,20.48167826945764,68.82442615415853,74.00596824504223,28.90917675939717,166.06833326418095,144.02187410826866
63,grant_DTL_1_frame176.jpg,grant_DTL_1,DTL,frame176,P3,30.97896064533105,20.24398376288452,69.10449680817865,74.30325868234081,28.74921762176165,161.02149732945983,141.1150086190522
64,grant_DTL_1_frame180.jpg,grant_DTL_1,DTL,frame180,P3,30.784286428729263,20.23586023275224,67.94314747830276,74.39519582760146,28.553248820466354,150.49335017222273,139.341957499893
65,grant_DTL_1_frame184.jpg,grant_DTL_1,DTL,frame184,P3,30.826142640652765,18.044247988072627,67.90819565685236,75.05289094790274,28.831349731748617,136.40916898410185,137.2589044621917
66,grant_DTL_1_frame190.jpg,grant_DTL_1,DTL,frame190,P3,30.620670228677614,16.719386884957306,70.99502684975886,76.08882350200909,29.15950945760153,144.91139677832146,136.50668053004117
67,grant_DTL_1_frame194.jpg,grant_DTL_1,DTL,frame194,P3,31.06772591065547,15.718772125964033,71.34598471213268,76.68362978588893,28.97931814106791,143.23296388459778,136.53123534167494
68,grant_DTL_1_frame200.jpg,grant_DTL_1,DTL,frame200,P3,31.061291446336213,15.926885676895148,63.57597887281707,76.58078476955316,29.378555283149392,122.54709221631906,134.98502428307216
69,grant_DTL_1_frame204.jpg,grant_DTL_1,DTL,frame204,P3,31.603948409040562,15.988938965870053,60.485283639293826,76.52646562195972,29.628814527165012,132.58376986458404,134.20471958879835
70,grant_DTL_1_frame207.jpg,grant_DTL_1,DTL,frame207,P3,31.954379341559108,15.908847720502665,59.59026514096202,76.4744718781595,29.69996223602516,136.00607009735828,133.9973653483926
71,grant_DTL_1_frame208.jpg,grant_DTL_1,DTL,frame208,P4,31.429731454635384,15.99893843605602,59.193542386817086,76.50614176304059,29.838683026619027,141.83545995455242,133.58877049786722
72,grant_DTL_1_frame220.jpg,grant_DTL_1,DTL,frame220,P4,25.89900378406258,16.68939409021924,23.92062771816848,75.24418603647531,30.031044383872665,162.0640756655864,132.81002853616036
73,grant_DTL_1_frame226.jpg,grant_DTL_1,DTL,frame226,P4,25.66532810748575,16.576144442500546,24.49589770588526,74.47444767484794,29.80186708653276,162.24011825876832,132.675402581212
74,grant_DTL_1_frame262.jpg,grant_DTL_1,DTL,frame262,P4,25.76387110960283,17.112108567416723,2.0434991065038117,73.58269355336564,30.44963934787884,175.90389530593316,129.5589571477473
75,grant_DTL_1_frame282.jpg,grant_DTL_1,DTL,frame282,P4,26.83521900993757,18.402140361243845,27.509202542516405,74.49433702821355,31.604300742507128,169.88722303974396,127.74363172214947
76,grant_DTL_1_frame284.jpg,grant_DTL_1,DTL,frame284,P4,29.187197013379883,20.077147819919194,33.727449358493956,76.01711449497277,32.14002527177094,164.28169681259223,126.70408399107365
77,grant_DTL_1_frame286.jpg,grant_DTL_1,DTL,frame286,P5,30.54993525239655,20.670353797803735,39.87184750338562,76.32110363524926,33.082358655842356,177.94169564977287,127.79662199976087
78,grant_DTL_1_frame290.jpg,grant_DTL_1,DTL,frame290,P5,30.00223208465374,18.36963414108973,66.75630606615982,78.39322372611872,33.70977638884607,169.3800555828166,129.74836396100932
79,grant_DTL_1_frame296.jpg,grant_DTL_1,DTL,frame296,P5,36.145030504415686,17.30879325072086,71.9355424088234,79.23299264730703,34.34455779008253,127.32747656792475,135.24153246688883
80,grant_DTL_1_frame300.jpg,grant_DTL_1,DTL,frame300,P5,37.55969656530378,18.317331514960088,73.87459027735375,79.47213030697351,34.12337495942671,92.2908717116782,141.82496398746073
81,grant_DTL_1_frame304.jpg,grant_DTL_1,DTL,frame304,P5,38.56532317108358,17.41161815715409,76.28689871906042,79.44472182671996,33.56446325071308,71.6552831553749,142.9523914285752
82,grant_DTL_1_frame308.jpg,grant_DTL_1,DTL,frame308,P5,40.418929968091945,17.77056199014907,80.05294828518429,80.49189397998457,32.679436823935895,157.8285617825657,147.59685790861886
83,grant_DTL_1_frame310.jpg,grant_DTL_1,DTL,frame310,P5,40.12398395568496,16.919653600707992,82.51261376979868,81.55733099113405,31.935170015146547,167.24098175678392,150.36560015798975
84,grant_DTL_1_frame314.jpg,grant_DTL_1,DTL,frame314,P6,43.34611584474925,12.329809634898368,84.93460055426299,83.35741896190088,31.985977011237033,177.03527535593153,153.48065276299116
85,grant_DTL_1_frame315.jpg,grant_DTL_1,DTL,frame315,P6,47.42624429971488,10.200983957202709,86.61466059454746,84.60021952849084,31.775757200325682,176.00534477844377,154.83795477735532
86,grant_DTL_1_frame316.jpg,grant_DTL_1,DTL,frame316,P6,61.32048086358941,9.994456959306149,88.50753815012536,86.74631980982853,31.89445595862512,178.94557828297576,155.54252545947838
87,grant_DTL_1_frame317.jpg,grant_DTL_1,DTL,frame317,P6,45.5229997794166,60.72172313512556,88.17872216683868,89.82168967878542,32.356228708566356,139.39878891630613,154.38993262022436
88,grant_DTL_1_frame318.jpg,grant_DTL_1,DTL,frame318,P6,87.1471096008738,7.3936619121277545,89.90210196876443,89.05082237173671,32.55999172762639,148.51525636103977,155.89688817217464
89,grant_DTL_1_frame320.jpg,grant_DTL_1,DTL,frame320,P6,68.60156657842947,2.5914997684599257,89.10735933501357,88.47153113963365,32.764705644119346,157.09735348694582,154.64993776220626
90,grant_DTL_1_frame321.jpg,grant_DTL_1,DTL,frame321,P6,61.93294721123277,2.855866602757999,88.67858482468013,88.20952292173011,32.82668760767315,163.86930579121656,154.17868259709834
91,grant_DTL_1_frame322.jpg,grant_DTL_1,DTL,frame322,P6,63.63347758661661,2.464521919899529,88.82129377213796,88.14055193765954,32.235768039937525,166.52862126769205,156.7539107335808
92,grant_DTL_1_frame324.jpg,grant_DTL_1,DTL,frame324,P7,72.06439492339797,21.693696948121676,89.42655217052783,88.82895852285596,31.31802364522466,161.6928894459526,157.76844714347365
93,grant_DTL_1_frame326.jpg,grant_DTL_1,DTL,frame326,P7,89.88571719043803,70.86955155218062,89.99807491912053,89.64082034834826,30.383894767964975,157.68803099677314,157.5887214802516
94,grant_DTL_1_frame328.jpg,grant_DTL_1,DTL,frame328,P7,6.8779917292299135,73.7566827256113,89.03430833387999,89.54459549076533,29.8581249760118,158.44515646508947,157.41728305866994
95,grant_DTL_1_frame330.jpg,grant_DTL_1,DTL,frame330,P7,37.66131799265205,39.37005995503689,86.7177394018057,87.5161540540729,29.800872088337787,150.58611463160895,156.5952209045747
96,grant_DTL_1_frame332.jpg,grant_DTL_1,DTL,frame332,P7,35.69603493883755,27.606488538821147,84.9101783329974,85.40080964530081,29.433648644534237,149.9672903055165,155.22431391889927
97,grant_DTL_1_frame334.jpg,grant_DTL_1,DTL,frame334,P7,37.5691586400813,25.014889966568656,84.46280975541362,84.77638632327422,29.392007731629878,146.63230801943553,154.34296931564737
98,grant_DTL_1_frame336.jpg,grant_DTL_1,DTL,frame336,P7,39.08379516216998,21.406182957665884,83.68993340568431,83.30884950756919,29.748557572318195,145.07590924065326,155.51906059337782
99,grant_DTL_1_frame338.jpg,grant_DTL_1,DTL,frame338,P7,40.81021638720678,19.755568350635087,82.95532192859957,81.86607701813355,29.38331990571414,157.37237356918035,157.87486836038073
100,grant_DTL_1_frame340.jpg,grant_DTL_1,DTL,frame340,P7,41.18851992179587,20.052362524332143,81.77555771715953,81.25104886839493,29.415746786577,162.60207076090498,159.75423172486228
101,grant_DTL_1_frame344.jpg,grant_DTL_1,DTL,frame344,P8,39.89306799411371,19.93728425803578,80.5276629528057,80.81215425814595,29.639653783689774,152.37612913138003,164.08527416179655
102,grant_DTL_1_frame346.jpg,grant_DTL_1,DTL,frame346,P8,38.4766284561789,18.92829193565545,79.42090397823597,80.07194292158816,29.505760570997207,153.91974745196495,166.55336935930572
103,grant_DTL_1_frame348.jpg,grant_DTL_1,DTL,frame348,P8,40.44050220419433,19.302978013014734,78.04948195984277,78.96761862964605,29.70173271065361,136.8193991576674,167.2872172119636
104,grant_DTL_1_frame350.jpg,grant_DTL_1,DTL,frame350,P8,41.24954325692209,20.604097171103426,74.28605332328293,77.48153876621423,29.45222292590071,111.88705375032012,170.94911582199967
105,grant_DTL_1_frame352.jpg,grant_DTL_1,DTL,frame352,P8,40.966215450805244,21.48123562835549,71.09623408163856,76.45093551533122,28.995280654233383,74.0611054142134,173.9794363544719
106,grant_DTL_1_frame354.jpg,grant_DTL_1,DTL,frame354,P8,42.58177127890443,22.027709052454977,67.18822719402979,75.23199873996396,28.943937466174397,65.54828601418912,174.330134250517
107,grant_DTL_1_frame356.jpg,grant_DTL_1,DTL,frame356,P8,42.875574008103634,21.588525963232676,65.98798783550482,74.66952067424357,28.838692117805564,67.39043053286927,173.2041748048917
108,grant_DTL_1_frame358.jpg,grant_DTL_1,DTL,frame358,P8,42.397008019143904,21.76241282394534,63.90299436521648,73.91011415034698,29.022339448521482,60.54346359430403,173.1419758171947
109,grant_DTL_1_frame362.jpg,grant_DTL_1,DTL,frame362,P8,43.20818576681664,20.257149734146754,62.587253960974834,72.95779267857328,27.637023255928202,64.54506158659227,173.8855531613091
110,grant_DTL_1_frame366.jpg,grant_DTL_1,DTL,frame366,P9,42.1130668441048,19.277514331920887,64.13190141349912,72.24751975724071,26.838467960112162,68.6484878902346,174.265566428844
111,grant_DTL_1_frame368.jpg,grant_DTL_1,DTL,frame368,P9,41.811146608862124,18.52860720446339,64.3919006940035,72.0283611772822,26.47539125677353,79.16063733564013,176.38155453193994
112,grant_DTL_1_frame370.jpg,grant_DTL_1,DTL,frame370,P9,41.265388933659004,18.20643093461017,65.40366278471012,71.92210793153077,26.06368608442503,76.07575513528673,176.71332988176184
113,grant_DTL_1_frame372.jpg,grant_DTL_1,DTL,frame372,P9,41.43700781107325,18.026367173439382,63.786699176430204,71.50567955757897,25.8148142768687,68.32127149467894,175.22415586744398
114,grant_DTL_1_frame374.jpg,grant_DTL_1,DTL,frame374,P9,41.88080107272355,17.79584131908283,61.18874651654952,70.01973037309163,25.52497761921265,7.332231606363489,174.79515876877602
115,grant_DTL_1_frame376.jpg,grant_DTL_1,DTL,frame376,P9,41.71933292546876,17.424447889077157,60.46997190700449,69.65338998307078,25.303884506530192,1.139949415460547,174.30795391200886
116,grant_DTL_1_frame378.jpg,grant_DTL_1,DTL,frame378,P9,40.75463468320164,17.27702838758317,55.03783512892867,68.49928556593575,25.228733513350036,1.058544708274465,173.12210184091003
117,grant_DTL_1_frame380.jpg,grant_DTL_1,DTL,frame380,P9,39.9504985845603,17.201454947533037,49.718065801226246,67.27121501997611,25.271729354744235,2.131038077256625,172.78807590916486
118,grant_DTL_1_frame384.jpg,grant_DTL_1,DTL,frame384,P9,39.53155596715829,16.609267895939052,43.11456240521576,66.69378554464826,25.227215132664945,2.6186935902914126,173.34039832905202
119,grant_DTL_1_frame392.jpg,grant_DTL_1,DTL,frame392,P10,37.80898531121704,14.877176978211281,32.34639012757632,62.988539631282755,24.716713305950883,8.132812476361144,172.91811699529052
120,grant_DTL_1_frame396.jpg,grant_DTL_1,DTL,frame396,P10,35.49703314010994,13.594176724015862,12.102000095524938,58.60649997199738,24.345402356679653,13.827631608339482,173.53240645837766
121,grant_DTL_1_frame398.jpg,grant_DTL_1,DTL,frame398,P10,34.85748984515406,13.46931218957382,6.134291749605946,57.58598198433629,24.239222390247058,50.361548003469494,174.5149333785143
122,grant_DTL_1_frame405.jpg,grant_DTL_1,DTL,frame405,P10,32.5785808710935,13.095474183205386,13.871515319026855,49.49158494708878,23.963460677580333,105.45873632321191,175.467386527271
123,grant_DTL_1_frame433.jpg,grant_DTL_1,DTL,frame433,P10,26.35792910146256,11.553179436948062,67.1001384869121,65.91939572412554,22.260020235412497,102.96361367156834,177.60968043549616
124,grant_DTL_1_frame451.jpg,grant_DTL_1,DTL,frame451,P10,24.114558517517878,8.990995983516404,69.404374819118,67.98525912712603,20.721549328676332,97.62996994145436,175.990240436876
125,grant_DTL_1_frame467.jpg,grant_DTL_1,DTL,frame467,P10,23.7449275637098,8.728325568337368,70.90934072913115,66.62393091853806,19.468659005329084,98.38713146982565,176.07484033009567
126,grant_DTL_1_frame477.jpg,grant_DTL_1,DTL,frame477,P10,22.805098830183027,8.08560193091557,69.36461631511708,63.80853456652795,19.168730056846353,95.57957315053181,175.83235383597574
127,grant_DTL_1_frame503.jpg,grant_DTL_1,DTL,frame503,P10,22.117294966425202,8.083575073961581,68.20772380954975,59.86898481732004,18.609953287267373,93.19668430052752,175.76167081384642
128,random_1_frame8.jpg,random_1,DTL,frame8,P1,83.70828520811112,8.689353091362253,89.14420921053728,81.35743078791927,19.73259703351271,22.89680021613707,163.7171961671218
129,random_1_frame9.jpg,random_1,DTL,frame9,P1,75.9127616049494,41.54842772763725,88.59856948001247,85.46177271550698,29.978330810625472,142.55495520304157,157.21373193857488
130,random_1_frame10.jpg,random_1,DTL,frame10,P1,85.18186460249736,13.40764084984781,89.46212598066712,80.9190109752791,29.05242819188849,7.903848755928033,162.8783160576964
131,random_1_frame11.jpg,random_1,DTL,frame11,P1,53.020754947499086,2.0443541863408266,87.19888869152271,78.65074955912966,31.754041731842527,113.38886420192846,159.0619808432199
132,random_1_frame12.jpg,random_1,DTL,frame12,P1,39.15376037012485,0.903383383331506,84.65950483056076,77.85972164161407,33.19511095671378,154.32367542656883,163.93226351192962
133,random_1_frame13.jpg,random_1,DTL,frame13,P1,39.28958641889372,2.269707314989004,85.28826968615171,77.84071330628493,34.52048441635307,162.99156921974625,156.9478280269858
134,random_1_frame14.jpg,random_1,DTL,frame14,P1,29.24271391853122,2.8507129693254543,84.38008629777036,77.53421345956373,33.799432566580755,116.97127463232668,155.5096117836095
135,random_1_frame15.jpg,random_1,DTL,frame15,P2,9.729875665936811,2.183820381925402,81.99181675267955,77.63778937649272,33.708789052820144,168.66158663473627,153.95830222013112
136,random_1_frame16.jpg,random_1,DTL,frame16,P2,4.880347518483752,4.735638798380298,80.25826430556197,77.2738788666375,32.1073556762289,167.21922330250715,151.76054298483413
137,random_1_frame17.jpg,random_1,DTL,frame17,P2,15.012093332708327,7.256790418432311,79.05963708664558,76.62524357142807,31.169213147127905,171.60926144989241,155.47196937914575
138,random_1_frame18.jpg,random_1,DTL,frame18,P2,23.061667010064014,9.323792271014435,78.21821208932727,75.75246044586251,30.77873093574851,174.7858678552618,155.1039069984911
139,random_1_frame19.jpg,random_1,DTL,frame19,P2,30.404086169956415,10.303690139692101,78.035176406535,76.59926998315686,31.160243999546406,178.42600346704094,152.29824732540467
140,random_1_frame20.jpg,random_1,DTL,frame20,P2,34.41896240116681,13.719592945054977,74.7136396876482,75.98907998752982,32.83011945641848,172.62418296144037,150.07023924245587
141,random_1_frame21.jpg,random_1,DTL,frame21,P2,34.94307434058339,14.471132931014177,73.34408340074118,75.63681184425553,33.37477535420224,172.4816080914873,150.02720901460606
142,random_1_frame22.jpg,random_1,DTL,frame22,P2,36.32584245774064,14.913373860593664,70.26009351402925,76.07981890199272,33.09082189168363,157.72137201997162,147.30573867169684
143,random_1_frame23.jpg,random_1,DTL,frame23,P3,35.74086514760433,13.189343705025319,69.99853773552391,76.10242343660997,32.1697992210362,157.4266948885713,144.86024047407685
144,random_1_frame24.jpg,random_1,DTL,frame24,P3,35.8842780976197,12.789749185154026,70.62950534923817,76.2557247729003,31.515604567676643,141.23735103333348,143.98640791129526
145,random_1_frame25.jpg,random_1,DTL,frame25,P3,37.76713916037621,12.593578354069955,73.08287121622956,76.79273575051164,31.43061342360945,129.57338099643673,143.99282661544257
146,random_1_frame26.jpg,random_1,DTL,frame26,P3,39.12216867032516,12.093986664253181,74.00977935945816,77.0486480125996,30.619825577491824,129.13482158419694,143.76706395935037
147,random_1_frame27.jpg,random_1,DTL,frame27,P4,41.398665011624935,11.791320312027816,74.77029326199988,77.03687808087196,29.535620685087885,116.37224623514892,143.19725718090177
148,random_1_frame28.jpg,random_1,DTL,frame28,P4,42.06759619535056,11.786983383670439,75.95310521352134,77.56289689788129,29.379577468609785,121.41641739575878,143.14077475085784
149,random_1_frame29.jpg,random_1,DTL,frame29,P4,41.53624436046104,13.003602624058148,63.53331806974001,76.94683157207703,29.88278890655539,126.57576726662806,143.0226434048512
150,random_1_frame31.jpg,random_1,DTL,frame31,P4,41.32417773461624,13.287349854781235,60.755390959413575,76.64712689374181,29.829330042001626,138.54796167490488,142.63386898203694
151,random_1_frame32.jpg,random_1,DTL,frame32,P4,40.76002756489215,13.997381487841281,59.80217456927667,76.75903420370044,29.843488509875133,137.1703861703121,142.2255515236109
152,random_1_frame33.jpg,random_1,DTL,frame33,P4,40.63575730294772,13.841182676269153,65.51184554844129,77.38866882338013,29.635380210269513,135.05592134199992,141.51823798155365
153,random_1_frame34.jpg,random_1,DTL,frame34,P5,39.003214172358,14.232970694660814,78.29764421697853,78.58153660759882,29.502519230492453,136.1101279907475,141.01673148256793
154,random_1_frame35.jpg,random_1,DTL,frame35,P5,31.930645122214564,15.340107157890214,82.68706459476606,81.28940665505709,30.045784860092528,162.54804189815943,143.47442929727404
155,random_1_frame36.jpg,random_1,DTL,frame36,P5,21.703700542268123,15.172171682566377,81.32172357283565,81.4603284682164,30.977806300629204,175.31422388522978,151.63654107836223
156,random_1_frame37.jpg,random_1,DTL,frame37,P6,12.363376800488993,13.13313999380938,82.81251501688851,82.45572497970392,30.856323802091598,175.38924534178102,157.0131872521928
157,random_1_frame38.jpg,random_1,DTL,frame38,P7,9.473199951060783,4.423315501413242,86.58242278990822,84.0573014441576,30.731520464623166,166.2612723393563,168.07232482066777
158,random_1_frame39.jpg,random_1,DTL,frame39,P7,57.75887611247602,23.601538030388603,86.52478012657676,86.66727682959662,28.489011096193224,143.54306265701177,168.862536907997
159,random_1_frame40.jpg,random_1,DTL,frame40,P7,42.276886099615844,84.85573705593097,84.01049165902427,89.78602470214283,28.38552714549931,139.44269355499202,168.51592966062805
160,random_1_frame41.jpg,random_1,DTL,frame41,P8,35.3990828659517,81.75008075593782,81.7722840511521,89.64811903436194,29.046691685696683,129.5396737661045,168.47712721665175
161,random_1_frame42.jpg,random_1,DTL,frame42,P8,37.922366240323925,65.9794161257436,83.22745155810352,89.01167313720246,28.69089390413034,125.28215537298738,168.74352368718957
162,random_1_frame43.jpg,random_1,DTL,frame43,P9,44.13047692782124,71.82025542257237,84.32090992765413,89.30568866296655,26.830552168398494,87.43404630630232,169.57050411849806
163,random_1_frame44.jpg,random_1,DTL,frame44,P9,44.44399065503798,89.9467479930864,83.7200339353164,89.99764342842334,27.5196154139956,13.57613279004285,170.05626112841045
164,random_1_frame45.jpg,random_1,DTL,frame45,P9,38.53453369677618,43.151827222581765,79.68815680069127,86.50424639190702,28.404824904203192,17.26136483266169,166.93721947292752
165,random_1_frame46.jpg,random_1,DTL,frame46,P10,35.866222727374975,32.771048861288726,76.17357203221918,83.73290641207609,29.601810994646414,23.49643512470569,163.74164254092557
166,random_1_frame47.jpg,random_1,DTL,frame47,P10,34.41150185537467,31.7243486536467,73.91369640265908,82.34217865839173,29.18577626574045,7.017675039619251,164.46020728599595
167,random_1_frame48.jpg,random_1,DTL,frame48,P10,31.821273454215657,29.395353111425376,73.20460793881497,81.16739390711842,27.976826310296694,3.0110300498895626,166.08561785349804
168,random_1_frame49.jpg,random_1,DTL,frame49,P10,29.618022682312205,27.1017727484761,71.56525585852926,79.72730605130198,26.601914351881362,7.981394562472646,167.39939302523237
169,rob_DTL_1_frame780.jpg,rob_DTL_1,DTL,frame780,P1,51.13405515512375,1.6392301933762574,88.9797295334686,85.1502176333786,44.68072127403564,151.92815621795756,161.0121850821483
170,rob_DTL_1_frame788.jpg,rob_DTL_1,DTL,frame788,P1,62.68742559674416,1.7800020683825097,89.47516509179077,85.18404546398322,43.33065278374673,162.7521024723636,160.789531741778
171,rob_DTL_1_frame795.jpg,rob_DTL_1,DTL,frame795,P1,61.76655444873177,0.9642965629766065,89.51086487514632,85.17074726535336,42.96094925378824,159.37223842305292,160.4382367592149
172,rob_DTL_1_frame799.jpg,rob_DTL_1,DTL,frame799,P1,46.814433527258586,3.7912091652320896,88.93429263589356,84.62239176308358,41.709820823141094,158.69257455554646,159.92531534793707
173,rob_DTL_1_frame803.jpg,rob_DTL_1,DTL,frame803,P1,31.993605267216196,5.956105391532105,87.73214398733879,83.67389995198864,40.56313609180428,170.48720762696084,159.61614956330143
174,rob_DTL_1_frame809.jpg,rob_DTL_1,DTL,frame809,P1,27.124065899575726,7.918974778933261,86.4961232037129,82.25840215465013,39.62831436007692,170.88831537313112,160.50721186052155
175,rob_DTL_1_frame815.jpg,rob_DTL_1,DTL,frame815,P1,30.4915753091679,9.688212238527854,83.30659085874703,80.41855824962448,37.46256723780454,171.14489133040118,154.55714796749928
176,rob_DTL_1_frame817.jpg,rob_DTL_1,DTL,frame817,P2,33.19893918841508,10.777977339655333,83.02055463545511,79.99758150427513,36.64559449326188,169.86878852333749,152.84483102259597
177,rob_DTL_1_frame819.jpg,rob_DTL_1,DTL,frame819,P2,33.803087923308766,11.3538626410053,82.6039226052828,79.6235653008197,35.94355736225762,167.95080174055474,153.40892939230366
178,rob_DTL_1_frame821.jpg,rob_DTL_1,DTL,frame821,P2,34.12295967642075,11.87401174581269,81.58304982510394,79.07535851198921,35.55386107483618,168.47857359967367,151.8648261184722
179,rob_DTL_1_frame823.jpg,rob_DTL_1,DTL,frame823,P2,33.873347559220065,12.963082453773467,80.88824973181602,78.95170778292095,35.202213742179566,173.60503820479124,151.01162878137936
180,rob_DTL_1_frame825.jpg,rob_DTL_1,DTL,frame825,P2,34.81237486723643,14.512955423576328,80.29706236865587,78.47699944716597,35.08579022655628,177.4602022365266,151.26899516541746
181,rob_DTL_1_frame827.jpg,rob_DTL_1,DTL,frame827,P2,35.26401962916022,15.16924690758754,79.5326672021468,78.04348193770244,34.68503086994498,178.25268021849385,150.50024617355658
182,rob_DTL_1_frame829.jpg,rob_DTL_1,DTL,frame829,P2,35.37194342755652,15.239810920098302,78.73054227205728,77.51757556476872,34.4020687309248,179.48406462877782,150.12636762505582
183,rob_DTL_1_frame831.jpg,rob_DTL_1,DTL,frame831,P2,35.59168692765472,17.406362617426034,78.7069232962844,77.40796981702958,34.6292084894306,171.06868338814783,148.95798339423501
184,rob_DTL_1_frame835.jpg,rob_DTL_1,DTL,frame835,P3,38.139829576921024,18.63220762416015,76.32085615974889,76.2812496645558,34.96817198956484,155.39284641680095,146.76647239091707
185,rob_DTL_1_frame837.jpg,rob_DTL_1,DTL,frame837,P3,40.35218414624705,19.02164461465423,75.24925882696311,75.74043225572642,35.27648019268623,127.56091284316099,144.94257399052404
186,rob_DTL_1_frame841.jpg,rob_DTL_1,DTL,frame841,P3,40.40688010684354,19.038505294748326,76.02260979536992,76.06066507305746,35.204224262870234,124.86454428415269,143.6073701238568
187,rob_DTL_1_frame843.jpg,rob_DTL_1,DTL,frame843,P3,39.959311157842585,18.528463220710854,75.86475428749009,75.9912338794181,34.756489725594086,132.3233903879622,142.51098599551818
188,rob_DTL_1_frame847.jpg,rob_DTL_1,DTL,frame847,P3,39.753018919222605,17.549550796250156,75.79367139665159,75.98142966362327,34.375777067821936,133.29395373355212,141.47352691672955
189,rob_DTL_1_frame851.jpg,rob_DTL_1,DTL,frame851,P3,40.19850172913329,16.151579380122662,72.38487556669406,74.71929022533,33.75834250700707,126.38728359679534,140.8468270474547
190,rob_DTL_1_frame853.jpg,rob_DTL_1,DTL,frame853,P3,40.38413920909104,14.912003393133032,70.86018290117606,74.42196049705105,33.23085043679584,125.23315914006979,140.78696743045626
191,rob_DTL_1_frame855.jpg,rob_DTL_1,DTL,frame855,P3,40.239735190500014,14.267561862026996,64.66537113794692,73.689529768795,33.006179157610205,140.43094485905485,140.63764862477348
192,rob_DTL_1_frame859.jpg,rob_DTL_1,DTL,frame859,P4,39.92587294396641,14.699053474823288,54.269160294821916,72.68758587226219,32.81296606806564,151.78937082736988,140.26338041808097
193,rob_DTL_1_frame867.jpg,rob_DTL_1,DTL,frame867,P4,38.72652838229727,14.677731479487997,45.281738021178946,73.58248470458412,32.61468563168212,135.60007566240913,140.22088932020736
194,rob_DTL_1_frame871.jpg,rob_DTL_1,DTL,frame871,P4,36.22275568581486,14.482774168218166,5.311320214442709,72.864179399001,32.47036579715431,137.1463743739028,140.40531634551843
195,rob_DTL_1_frame879.jpg,rob_DTL_1,DTL,frame879,P4,34.23781746495309,14.401329337383132,51.995571084117664,78.06125047389135,32.543310857531885,136.04117495954202,140.07224607499364
196,rob_DTL_1_frame891.jpg,rob_DTL_1,DTL,frame891,P4,34.72982807318053,14.548503989293703,45.742440665886384,77.7432621459791,32.47380931304853,131.18812822799728,139.98574502305064
197,rob_DTL_1_frame895.jpg,rob_DTL_1,DTL,frame895,P4,35.70508546001864,14.651367637759945,68.54251098485929,78.48811024598423,32.6526117110926,132.3941651120224,139.01771019470985
198,rob_DTL_1_frame901.jpg,rob_DTL_1,DTL,frame901,P5,34.52927678847639,15.479437231934945,71.43874429408389,78.65939193021542,31.99653402761634,125.23086493816119,138.0645658225015
199,rob_DTL_1_frame903.jpg,rob_DTL_1,DTL,frame903,P5,37.64743863321393,15.305671279172458,74.71215440752341,78.97141938294372,31.89903933040964,119.10203209860367,138.24897192094733
200,rob_DTL_1_frame905.jpg,rob_DTL_1,DTL,frame905,P5,37.129147312584045,15.077452678318954,76.75551191997147,79.49391325204779,31.777918365183623,113.53938642189324,138.5700199689155
201,rob_DTL_1_frame907.jpg,rob_DTL_1,DTL,frame907,P5,35.683141938119626,14.969666426854538,78.42826134114429,79.53331109037327,31.5552303302867,128.01876798261287,138.91624789645556
202,rob_DTL_1_frame909.jpg,rob_DTL_1,DTL,frame909,P5,33.619720326838205,17.25514708250509,77.4552078821161,79.26255053029199,32.27430516336626,140.20474890620306,141.24022239222194
203,rob_DTL_1_frame911.jpg,rob_DTL_1,DTL,frame911,P5,32.28614048793534,16.54279584638348,79.70979047120905,80.35596477905197,33.20670516968348,103.28970649112534,143.8943554288237
204,rob_DTL_1_frame913.jpg,rob_DTL_1,DTL,frame913,P5,30.82644508447042,17.007313012873116,80.76186411365896,80.55446100676326,33.48648536674551,136.40795571213903,146.8145231234502
205,rob_DTL_1_frame915.jpg,rob_DTL_1,DTL,frame915,P5,26.69468183998032,13.826925485742903,82.38376209395962,81.45289534978367,33.62278900231872,176.39055944148618,147.92048202708932
206,rob_DTL_1_frame916.jpg,rob_DTL_1,DTL,frame916,P6,27.974835044034478,13.679009511791548,84.10007596459722,82.4960452565647,33.580472335513335,173.01934077359667,147.91849657796567
207,rob_DTL_1_frame917.jpg,rob_DTL_1,DTL,frame917,P6,31.983250032929504,14.057795394186542,86.1688757862706,83.97989436649176,34.103986448570794,164.99705760606818,149.39674645544795
208,rob_DTL_1_frame918.jpg,rob_DTL_1,DTL,frame918,P6,32.06959870538242,13.073430520027046,86.79769815176496,85.20891657928654,34.21859715691374,161.61647623895547,150.555052068554
209,rob_DTL_1_frame919.jpg,rob_DTL_1,DTL,frame919,P6,29.62887455741344,9.406608938929082,87.19783498616889,85.96141834866707,34.399361835892975,164.33698514893567,152.63184227849985
210,rob_DTL_1_frame920.jpg,rob_DTL_1,DTL,frame920,P6,28.46335882001125,4.742936144445878,87.4470909976334,85.96088394466162,34.68193759258154,161.6772972130802,151.0131439076996
211,rob_DTL_1_frame921.jpg,rob_DTL_1,DTL,frame921,P6,30.48788570929014,1.4763162826737357,87.63589016103423,86.11484887483171,34.81027469025762,161.9827837521944,149.71669161621085
212,rob_DTL_1_frame922.jpg,rob_DTL_1,DTL,frame922,P6,30.770533068274062,2.798375450232416,87.97244915031145,86.58954354861274,34.66545704080949,163.30903406186735,156.17001446388588
213,rob_DTL_1_frame923.jpg,rob_DTL_1,DTL,frame923,P7,34.831759974868135,8.632183368701506,88.44679299066489,87.09761358842715,34.47648647370273,159.0619635091687,158.8416918268286
214,rob_DTL_1_frame924.jpg,rob_DTL_1,DTL,frame924,P7,54.8593811349121,17.413494914729213,89.21223716312223,87.39846555406415,34.449389934653105,156.22570062041768,157.39858509041647
215,rob_DTL_1_frame925.jpg,rob_DTL_1,DTL,frame925,P7,68.03932529665659,26.481244635900325,89.65177209853967,88.2362424861135,33.76990290427418,151.13639998283293,156.38098858800205
216,rob_DTL_1_frame926.jpg,rob_DTL_1,DTL,frame926,P7,44.8779400885417,35.22182300459006,89.53511379209104,88.6176192548231,33.318345673055774,148.29701566919263,156.22294128920385
217,rob_DTL_1_frame927.jpg,rob_DTL_1,DTL,frame927,P7,12.765255357567254,49.154373546928625,89.00562154030735,88.9306383229014,32.644543346263816,158.65211058999049,156.16569540823664
218,rob_DTL_1_frame928.jpg,rob_DTL_1,DTL,frame928,P7,43.04392985543227,75.59734608512841,88.16031132167977,89.64628214519088,32.08431694352069,158.40228706884076,157.1203466257131
219,rob_DTL_1_frame929.jpg,rob_DTL_1,DTL,frame929,P7,46.62444891116207,79.45170255495592,87.36741584846895,89.68904270777348,31.33738799840009,157.22260926572773,157.46721763970763
220,rob_DTL_1_frame930.jpg,rob_DTL_1,DTL,frame930,P7,48.603659384545296,60.50648905800688,85.83971747389954,88.89671182419144,31.20215674776723,136.8331732322734,157.53606424176525
221,rob_DTL_1_frame931.jpg,rob_DTL_1,DTL,frame931,P7,45.954966144504986,48.757394434242876,85.02195586611492,88.15480412434484,31.347325816445323,140.55334281308302,157.45428142924226
222,rob_DTL_1_frame932.jpg,rob_DTL_1,DTL,frame932,P8,49.32101977273784,49.30793971436481,84.84886310013822,87.91230883062222,31.763552143104995,143.45937897118253,157.12511270286205
223,rob_DTL_1_frame933.jpg,rob_DTL_1,DTL,frame933,P8,50.29979770752552,38.40910761255161,82.51264558700241,86.25342941510536,32.9596866916751,127.54287414543691,157.03766493346626
224,rob_DTL_1_frame934.jpg,rob_DTL_1,DTL,frame934,P8,49.047487290335724,37.8921428187168,80.95083002187512,85.34040819046476,32.923105495544824,129.12699728583038,158.4064238104017
225,rob_DTL_1_frame935.jpg,rob_DTL_1,DTL,frame935,P8,45.585814380200105,34.29574985422196,78.9282478326402,83.94631285777623,33.01621070739512,133.52118025584997,158.65870193355028
226,rob_DTL_1_frame936.jpg,rob_DTL_1,DTL,frame936,P8,44.850445547768636,31.687104137117572,78.78954488185329,83.09378714899519,32.86677482246159,136.37021636969064,158.83229658883437
227,rob_DTL_1_frame937.jpg,rob_DTL_1,DTL,frame937,P8,44.253950201625514,28.351844513934886,78.45564169781129,82.37324415399472,33.453222866302426,133.65017953421733,158.99520448531155
228,rob_DTL_1_frame938.jpg,rob_DTL_1,DTL,frame938,P8,42.20697036206961,25.642113590354544,75.69847577335823,81.0962881066079,33.8928440996323,142.24886975276854,158.69988748254696
229,rob_DTL_1_frame939.jpg,rob_DTL_1,DTL,frame939,P8,42.10771018143597,24.91989764308262,75.81335018934149,80.58278871346938,34.009066704874094,146.58792046701495,159.1542405400119
230,rob_DTL_1_frame940.jpg,rob_DTL_1,DTL,frame940,P9,43.43847223760616,23.091976886213118,77.0202779432555,80.07758560255877,33.08892311139137,150.38992155765524,159.2159168256382
231,rob_DTL_1_frame941.jpg,rob_DTL_1,DTL,frame941,P9,42.8819888208088,22.71202969110504,77.09519960842164,80.15965503115129,32.648134936001625,158.57724613706017,159.75621647081442
232,rob_DTL_1_frame942.jpg,rob_DTL_1,DTL,frame942,P9,38.76792085733234,21.344957219919987,78.14078020405191,80.45204340882972,31.900175369185334,164.29373465406104,159.8572182502039
233,rob_DTL_1_frame943.jpg,rob_DTL_1,DTL,frame943,P9,37.38674966655702,20.68336585849359,78.59016184187563,80.89045041506668,31.653149357080913,161.66917841445107,160.1816759209799
234,rob_DTL_1_frame944.jpg,rob_DTL_1,DTL,frame944,P9,35.23722675475829,19.67325313232061,78.88776295428808,81.17008996731647,31.15938617574563,161.61922244538434,159.76442826247134
235,rob_DTL_1_frame945.jpg,rob_DTL_1,DTL,frame945,P9,36.11655607293755,18.844759190918946,78.75477240349532,81.37260151773594,31.163023419872072,162.7580827689221,159.92440903947863
236,rob_DTL_1_frame946.jpg,rob_DTL_1,DTL,frame946,P9,35.88865827272554,18.534411147500812,78.80359776988976,81.37846264702837,30.953311402612826,162.78634769389268,161.0977494340541
237,rob_DTL_1_frame947.jpg,rob_DTL_1,DTL,frame947,P9,36.918781553119295,17.96084484739578,78.60193801444629,81.2150072084126,30.69964440084167,163.35763294364514,161.97769091254185
238,rob_DTL_1_frame949.jpg,rob_DTL_1,DTL,frame949,P10,37.604053158182744,16.36280257825769,76.78269731155898,79.7578519628447,29.401761287985217,152.71039598203853,165.6697455114709
239,rob_DTL_1_frame951.jpg,rob_DTL_1,DTL,frame951,P10,36.8727495484379,15.740428809062943,75.00536740858509,79.1267922023104,28.386291825547413,80.61533881496118,168.35351874241385
240,rob_DTL_1_frame953.jpg,rob_DTL_1,DTL,frame953,P10,35.67022599793795,14.751905847031054,72.1551571304377,77.69801266167623,28.053776602214842,1.6313423150151478,169.94606627735791
241,rob_DTL_1_frame955.jpg,rob_DTL_1,DTL,frame955,P10,33.474166152860406,13.744652643240766,65.4117937410934,74.45418735611733,27.806860523066288,15.210632644703484,174.6599978933612
242,rob_DTL_1_frame957.jpg,rob_DTL_1,DTL,frame957,P10,31.458297886525507,13.523535543321444,37.81868140229871,62.149186184214024,26.536938794887387,77.76295481333153,177.62689852845688
243,rob_DTL_1_frame959.jpg,rob_DTL_1,DTL,frame959,P10,29.506352336932895,13.70412379319497,16.870811766455,57.47349290886742,25.517634176154374,97.45949834548745,179.60679885123605
244,rob_DTL_1_frame961.jpg,rob_DTL_1,DTL,frame961,P10,29.045307333445656,21.12966675449791,13.216356313195897,71.24192921481183,21.617181466525416,105.50974501894963,175.9914720360012
245,rob_DTL_1_frame963.jpg,rob_DTL_1,DTL,frame963,P10,30.108832665004236,17.579708645766296,11.054179398784754,56.364669149957244,22.350983547491666,106.3146127241861,177.01179484176382
246,rob_DTL_1_frame965.jpg,rob_DTL_1,DTL,frame965,P10,33.57699742255822,72.40988079452998,42.32109340651982,81.94780684031926,18.353891986248755,108.13558987288701,173.2790275740895
247,rob_DTL_2_frame18.jpg,rob_DTL_2,DTL,frame18,P1,47.928969962717964,26.769669356705215,89.42865097901657,87.86359113560744,35.49805855045457,162.5418609893923,155.47792283906443
248,rob_DTL_2_frame20.jpg,rob_DTL_2,DTL,frame20,P1,2.0567042789627306,3.4187408581749956,89.43075440327266,86.9479151557968,38.89519904695098,163.99243650174049,150.85636878301992
249,rob_DTL_2_frame21.jpg,rob_DTL_2,DTL,frame21,P1,13.400229615136084,5.040765984605002,88.19906794620118,85.58850544028874,38.947122881769886,161.56187654912551,146.5761944981848
250,rob_DTL_2_frame22.jpg,rob_DTL_2,DTL,frame22,P1,29.443516397034557,10.345165092479704,87.45447280957201,84.72639032944146,39.115358928743646,165.39316651364283,147.01189146239864
251,rob_DTL_2_frame23.jpg,rob_DTL_2,DTL,frame23,P1,34.177363107955955,9.011504452036036,87.24924420755205,84.97302862277564,39.3824601805344,169.46948032985134,146.97424561056872
252,rob_DTL_2_frame24.jpg,rob_DTL_2,DTL,frame24,P1,37.359598753387104,9.731668267547718,85.15199391745162,82.79228618521537,38.08479566666068,172.24292537042598,146.1834102824136
253,rob_DTL_2_frame25.jpg,rob_DTL_2,DTL,frame25,P2,33.38590966970392,13.354256481618167,83.88291507131547,81.35505143459288,38.685331180851996,173.80659338375227,148.26521907538634
254,rob_DTL_2_frame26.jpg,rob_DTL_2,DTL,frame26,P2,36.8379035914186,17.662850190313367,83.58775148740332,79.91472869414869,38.373181039717494,175.59891497172626,152.54045010335065
255,rob_DTL_2_frame27.jpg,rob_DTL_2,DTL,frame27,P2,37.56437402696145,16.66217713630337,81.78921601515815,78.3405885034983,37.53625780431373,179.84514604203645,152.23405935043633
256,rob_DTL_2_frame28.jpg,rob_DTL_2,DTL,frame28,P2,37.3723985472458,17.35708159901692,79.49387415203807,78.62950165068423,37.09679013814248,174.0094122533631,147.72638707280547
257,rob_DTL_2_frame29.jpg,rob_DTL_2,DTL,frame29,P3,36.54469711003963,19.00575457589654,75.43600406729472,77.74324267890073,37.173073859311934,149.10608222381578,147.2844218887086
258,rob_DTL_2_frame30.jpg,rob_DTL_2,DTL,frame30,P3,37.27654876153054,18.458942220662227,71.25352771040761,76.4187359641498,37.52201867810112,154.76616610506727,145.98495581562244
259,rob_DTL_2_frame31.jpg,rob_DTL_2,DTL,frame31,P3,36.81982114313548,18.72733902690302,66.40906665985491,74.5575305050844,36.59420494782929,150.10218424039687,145.7734332508144
260,rob_DTL_2_frame32.jpg,rob_DTL_2,DTL,frame32,P3,38.03509136482091,18.802662756712778,58.884250850857526,73.3413351299253,35.94253116661279,154.8389179965154,144.8136417758701
261,rob_DTL_2_frame33.jpg,rob_DTL_2,DTL,frame33,P3,36.06336884238273,18.430502644269193,61.736008320422265,73.88327303389849,35.49783649196957,143.8462264247847,142.70803246035604
262,rob_DTL_2_frame34.jpg,rob_DTL_2,DTL,frame34,P3,35.0874429573252,20.70657715963688,15.837848640095846,72.62272420611508,34.92230329501318,147.022264050846,141.058320783297
263,rob_DTL_2_frame35.jpg,rob_DTL_2,DTL,frame35,P4,33.728950591974474,22.123077530936182,9.047303097906537,72.33298535064124,34.271927907575744,158.05303716790826,139.85787263214397
264,rob_DTL_2_frame36.jpg,rob_DTL_2,DTL,frame36,P4,32.354223380665516,22.221478643082744,15.14870076748797,71.30015846470936,33.134260147655745,154.79181758841352,138.97294902441772
265,rob_DTL_2_frame37.jpg,rob_DTL_2,DTL,frame37,P4,32.27697443409865,21.65529686399703,19.3090139663921,70.88113226380169,32.687338936883286,155.94995138941647,139.17207647353524
266,rob_DTL_2_frame38.jpg,rob_DTL_2,DTL,frame38,P4,32.31777254386194,21.58113926139765,6.022469254658186,71.52212782135408,32.640936782158704,151.40670887236627,138.9084853520643
267,rob_DTL_2_frame39.jpg,rob_DTL_2,DTL,frame39,P4,32.215405005334766,21.092204081268246,2.4881552068975368,71.76284419714628,32.463189726229935,151.15343414853328,140.0445819433801
268,rob_DTL_2_frame40.jpg,rob_DTL_2,DTL,frame40,P4,31.27308911363829,19.927224435518557,51.62702462259071,74.43930621971563,32.39503095462493,144.83894732694748,140.26898152706136
269,rob_DTL_2_frame41.jpg,rob_DTL_2,DTL,frame41,P5,29.28887964321809,17.277226448025203,63.764706384990866,75.64104802383162,32.750220945587245,133.98727680372025,141.57768250846019
270,rob_DTL_2_frame42.jpg,rob_DTL_2,DTL,frame42,P5,28.024014410718177,13.944246176536174,74.81117950778119,76.47699202232108,33.42617909029007,166.0305293150989,142.49501537591192
271,rob_DTL_2_frame43.jpg,rob_DTL_2,DTL,frame43,P5,24.843464450748904,11.96273952330204,77.84861418746544,78.82655464304466,34.029285089371974,147.37812932091848,149.30871669967627
272,rob_DTL_2_frame44.jpg,rob_DTL_2,DTL,frame44,P6,24.87415443553425,12.198250266807861,81.73717726808732,81.02960246355111,32.025583959132135,167.6118748341322,157.1152250608154
273,rob_DTL_2_frame45.jpg,rob_DTL_2,DTL,frame45,P7,9.663764786924844,1.2451329882670734,86.1262130594243,83.83418523821494,31.56347258343147,170.13567240241275,154.73180569567634
274,rob_DTL_2_frame46.jpg,rob_DTL_2,DTL,frame46,P7,87.31784533528322,26.55895005725161,89.84183547352353,86.80131028651117,31.440464154115705,150.29522257205826,160.66326075850293
275,rob_DTL_2_frame47.jpg,rob_DTL_2,DTL,frame47,P7,61.9287371517598,80.04377278502947,86.76166228400888,89.52059942938719,31.670581818145504,133.7258461008264,163.04927026047176
276,rob_DTL_2_frame48.jpg,rob_DTL_2,DTL,frame48,P8,56.24666117592087,44.67482753476596,84.47700176655059,86.19357977902727,32.40007890887309,130.7284205071256,162.36306730243064
277,rob_DTL_2_frame49.jpg,rob_DTL_2,DTL,frame49,P8,45.51734910243543,31.680444808529735,77.95235768258802,82.36367457853041,32.33390382398045,106.28534332006495,159.97091273648968
278,rob_DTL_2_frame50.jpg,rob_DTL_2,DTL,frame50,P9,46.31633328037851,30.21281303493697,79.1976269835071,82.04468080393951,29.770525489550717,103.91469180615032,159.26629221930685
279,rob_DTL_2_frame51.jpg,rob_DTL_2,DTL,frame51,P9,42.174752600072964,23.958774340844037,76.72458441578553,79.39180963793527,28.38538871354238,79.30114018203128,165.84223804113603
280,rob_DTL_2_frame52.jpg,rob_DTL_2,DTL,frame52,P9,35.22776887268164,20.734141166467072,73.19164984853873,77.12755754059738,26.466388504863897,7.472632502403612,170.13601504274402
281,rob_DTL_2_frame53.jpg,rob_DTL_2,DTL,frame53,P10,29.78840467256166,18.64645549165023,68.39770662140432,75.2902229096247,25.065708666862673,27.37496027500889,171.53629615515985
282,rob_DTL_3_frame3.jpg,rob_DTL_3,DTL,frame3,P1,59.42614708730463,32.699106101727864,88.88685070352369,84.69895507144017,28.991212194345515,174.29760300360357,164.84590724384677
283,rob_DTL_3_frame4.jpg,rob_DTL_3,DTL,frame4,P1,27.53850559258626,9.986016741428045,88.2608561170585,83.68706241709144,37.145048928299865,166.28480312334406,159.77032224720506
284,rob_DTL_3_frame5.jpg,rob_DTL_3,DTL,frame5,P1,16.82768183946547,5.7437304388645885,86.62225457340077,82.08897262963609,39.339147160326725,168.19976254459309,161.34219768460773
285,rob_DTL_3_frame6.jpg,rob_DTL_3,DTL,frame6,P1,5.657170354427706,6.41058142862812,84.3128751701325,80.10543072268888,39.11224778816694,179.33724041092756,162.16426975261228
286,rob_DTL_3_frame8.jpg,rob_DTL_3,DTL,frame8,P1,6.285851153583394,8.208474920854371,82.12486201734092,79.25402238573112,38.20806360468889,175.33175465701783,157.85890522088187
287,rob_DTL_3_frame10.jpg,rob_DTL_3,DTL,frame10,P2,14.935789641527583,10.634266125949939,80.87290944817897,78.6820521548184,37.50098205050846,173.7933036154953,154.9510726471247
288,rob_DTL_3_frame11.jpg,rob_DTL_3,DTL,frame11,P2,21.422704854099727,12.187452332745817,79.82421103973905,78.38910909035778,36.53474691252979,174.1637597741247,150.7684680706055
289,rob_DTL_3_frame12.jpg,rob_DTL_3,DTL,frame12,P2,29.428852569030127,14.528126733439843,77.02125296826691,77.46259531248735,35.42676378327678,173.05586107008835,146.67477235870507
290,rob_DTL_3_frame15.jpg,rob_DTL_3,DTL,frame15,P3,31.148299476149163,19.69800891484845,72.42513829913585,76.13956790396652,35.76831173449398,165.9056480328941,143.96173274209661
291,rob_DTL_3_frame16.jpg,rob_DTL_3,DTL,frame16,P3,36.87155237316272,20.66432563987677,73.57006021523758,75.85433179239043,35.26572286018572,142.90890736646702,142.86320590078984
292,rob_DTL_3_frame17.jpg,rob_DTL_3,DTL,frame17,P3,36.99494933908534,19.540283914288384,71.454153464536,75.41428504983958,33.84240249004724,128.31980286728592,141.68582101119037
293,rob_DTL_3_frame18.jpg,rob_DTL_3,DTL,frame18,P3,41.49095995351811,20.009894693841698,61.66481379580293,75.56864188373507,33.81597813957586,138.78518356098567,138.29703904583775
294,rob_DTL_3_frame21.jpg,rob_DTL_3,DTL,frame21,P4,37.05367656668637,21.58677810524438,11.214052355069102,75.52945487437167,33.655364953773585,149.20812162931043,136.728235664736
295,rob_DTL_3_frame22.jpg,rob_DTL_3,DTL,frame22,P4,60.13809518083533,0.7347072868455647,85.41055145017815,87.4225933164512,33.586239042073906,144.41036947807174,147.623847568492
296,rob_DTL_3_frame23.jpg,rob_DTL_3,DTL,frame23,P4,57.07570665966042,44.95390995594914,88.17406700657715,88.92757754643198,32.588341689692875,131.36263584408073,147.4811035651952
297,rob_DTL_3_frame24.jpg,rob_DTL_3,DTL,frame24,P4,27.358320323700873,2.5701795019538256,70.02099187822141,82.90442148751599,33.277603986316144,129.84320698595585,144.9856149645457
298,rob_DTL_3_frame27.jpg,rob_DTL_3,DTL,frame27,P5,40.196460818360315,14.333081155452096,75.14464928953656,79.05161211614083,31.495136302956173,143.0683261527791,144.93506176255437
299,rob_DTL_3_frame28.jpg,rob_DTL_3,DTL,frame28,P5,34.38637215592682,15.681379420453819,81.83459597435466,80.32612393189909,31.52823486683794,147.90856378301564,148.98780590092005
300,rob_DTL_3_frame29.jpg,rob_DTL_3,DTL,frame29,P5,31.18270992412712,15.86629309513791,81.633703371948,81.52443496561624,32.91128120793824,166.53443079337703,151.59180091578804
301,rob_DTL_3_frame30.jpg,rob_DTL_3,DTL,frame30,P7,15.492740330415813,0.011290243183110211,83.26779344419458,82.15042991531261,33.4929518504595,156.48802290474583,164.4068981659625
302,rob_DTL_3_frame32.jpg,rob_DTL_3,DTL,frame32,P7,38.80819790521522,12.259865825507474,88.0991886851086,85.29913279345935,33.025762362650966,172.4567687508288,163.90094777161022
303,rob_DTL_3_frame33.jpg,rob_DTL_3,DTL,frame33,P8,54.073097529398076,86.31580951744273,86.16541062830595,89.87074045822874,33.870546014137474,144.81423411872183,159.5397737498081
304,rob_DTL_3_frame34.jpg,rob_DTL_3,DTL,frame34,P8,45.42280165699659,25.33842001689244,81.15664817590294,83.94400849252432,35.08558904526532,136.19983638178613,159.02587247196936
305,rob_DTL_3_frame35.jpg,rob_DTL_3,DTL,frame35,P8,40.65239061748408,22.73369873393869,74.75171968667203,80.1387600328944,35.83086717669316,137.59391815654357,159.53905447054242
306,rob_DTL_3_frame36.jpg,rob_DTL_3,DTL,frame36,P9,40.313421166951095,22.44360503217463,70.52961052159293,77.29379510603073,33.8141532718854,96.07435817961172,162.45441313365444
307,rob_DTL_3_frame38.jpg,rob_DTL_3,DTL,frame38,P9,38.6779504002919,22.050623082572855,57.38451099808972,73.39259408746348,32.302853521673086,59.28256326452732,169.80556705817014
308,rob_DTL_3_frame40.jpg,rob_DTL_3,DTL,frame40,P10,34.80791485974681,21.49235493033493,39.72476895983158,69.11433142188946,30.043354080611394,79.87842929222045,175.9147733743504
309,rob_DTL_3_frame41.jpg,rob_DTL_3,DTL,frame41,P10,30.310061701836975,19.93255849485163,7.865845545406862,55.7143112409527,28.60409867556729,94.9558860135422,179.09822571125682
310,rob_DTL_3_frame42.jpg,rob_DTL_3,DTL,frame42,P10,26.332832177590248,16.743668038817347,32.551913450745076,9.473925154681844,26.73969856752017,107.01337167125169,176.90069400710746
311,rob_DTL_3_frame44.jpg,rob_DTL_3,DTL,frame44,P10,24.47605890414096,14.972344412825102,1.5665034833936704,46.71646509510923,25.512869877001414,96.53411580366071,177.85644873821394
312,rob_DTL_3_frame47.jpg,rob_DTL_3,DTL,frame47,P10,22.305956846749016,14.537732240605981,5.957745035883477,35.63373515392626,24.22894186897462,88.16110870481033,177.5834825058305
313,rob_DTL_3_frame48.jpg,rob_DTL_3,DTL,frame48,P10,20.761611802738933,14.091403578763273,3.280706749539457,46.12465769214737,23.80781650578015,85.67875623387624,177.87843073646928
314,tom_DTL_1_frame16.jpg,tom_DTL_1,DTL,frame16,P1,18.702598257893214,0.7504694410187667,85.90119055027465,81.65698649653434,38.5783161013141,174.48729772877206,149.3998555921648
315,tom_DTL_1_frame18.jpg,tom_DTL_1,DTL,frame18,P1,16.386435459119706,1.8251967035885666,85.60138267975447,81.53792756761341,38.18587064141947,175.09902640332294,149.719181529235
316,tom_DTL_1_frame20.jpg,tom_DTL_1,DTL,frame20,P1,10.245912753915317,1.569030815862514,84.47439926897825,81.12411298630332,37.0243388685787,177.27160061448976,151.92963678058194
317,tom_DTL_1_frame21.jpg,tom_DTL_1,DTL,frame21,P1,3.3004456387488905,0.2648623183683306,83.50539866045374,80.5856088653153,35.97228778935422,179.7396499973381,151.96733825220437
318,tom_DTL_1_frame22.jpg,tom_DTL_1,DTL,frame22,P1,1.091055896475325,0.6742426119260472,82.16252081372664,79.70283475330483,34.85979472642028,176.73959887599355,151.32946782833773
319,tom_DTL_1_frame23.jpg,tom_DTL_1,DTL,frame23,P1,3.7614276353494915,1.5085909645059132,80.51848413303466,78.7474527879354,33.787088455703376,176.7687731138135,149.6994707139158
320,tom_DTL_1_frame24.jpg,tom_DTL_1,DTL,frame24,P2,8.716945160264068,2.39969467739776,80.04523572720542,78.43674217040541,32.89804562411834,173.78755651256054,147.94357603387604
321,tom_DTL_1_frame25.jpg,tom_DTL_1,DTL,frame25,P2,14.255881137904897,3.018633506259617,79.71607374937392,78.19713458829628,32.24039509822074,168.75564407544877,145.29465808626043
322,tom_DTL_1_frame26.jpg,tom_DTL_1,DTL,frame26,P2,18.532955540634685,4.078908956334016,78.94381124323832,77.61465356634291,31.600554951788084,165.47861377471415,144.28180922623343
323,tom_DTL_1_frame27.jpg,tom_DTL_1,DTL,frame27,P2,22.988744111172657,6.888059818976139,78.70003051125552,77.61130335178015,31.579703653995534,168.05416655741925,137.83303316948874
324,tom_DTL_1_frame28.jpg,tom_DTL_1,DTL,frame28,P2,25.705713211758155,8.86461375189953,78.22075876560422,77.6071879425382,31.489118845026436,166.8517800450731,135.8920148157309
325,tom_DTL_1_frame29.jpg,tom_DTL_1,DTL,frame29,P2,26.40099986222565,10.770673080449955,77.37508776785295,77.17615799274847,31.186629235612614,159.43585977306938,135.44183738587904
326,tom_DTL_1_frame30.jpg,tom_DTL_1,DTL,frame30,P2,26.92442273535201,12.625092756403966,77.10979258607772,77.58369862171061,30.25341441181807,164.79546259234235,135.76012771227514
327,tom_DTL_1_frame31.jpg,tom_DTL_1,DTL,frame31,P2,28.8030682155589,14.858048509055775,80.25539116986883,78.55734186149304,29.688733685392208,179.37585715070242,134.30400496637012
328,tom_DTL_1_frame32.jpg,tom_DTL_1,DTL,frame32,P3,28.187750415569838,14.862120363082822,75.87734479490301,78.00530926087026,29.44600409048901,164.2542390788836,131.97120552842205
329,tom_DTL_1_frame33.jpg,tom_DTL_1,DTL,frame33,P3,28.334755526543724,14.30884605174056,72.04392732797884,77.3201037710953,29.36140041470911,142.27494256741033,128.044742620753
330,tom_DTL_1_frame34.jpg,tom_DTL_1,DTL,frame34,P3,28.85182083294155,13.087235198258707,72.72847580564176,76.9172938273949,29.064917182794886,139.3147541437576,129.5479211029564
331,tom_DTL_1_frame35.jpg,tom_DTL_1,DTL,frame35,P3,29.850769842033834,12.902474029420372,67.79419350410194,75.96558865964742,28.93080843170788,154.59223947066315,127.80213248649059
332,tom_DTL_1_frame36.jpg,tom_DTL_1,DTL,frame36,P3,30.29360275062008,13.341609906076132,60.717905692421326,74.3362727244344,28.634940603706735,98.14256715061846,126.10373262294891
333,tom_DTL_1_frame37.jpg,tom_DTL_1,DTL,frame37,P3,29.985592933350862,13.487133558643949,66.75865040442893,74.27422992925636,28.249936164504064,116.86517692991255,123.91824260238693
334,tom_DTL_1_frame38.jpg,tom_DTL_1,DTL,frame38,P3,30.097849829976568,13.48657345311217,67.70802009913064,76.19966690025203,28.482162727613403,177.45706726120318,121.38513561621514
335,tom_DTL_1_frame39.jpg,tom_DTL_1,DTL,frame39,P3,31.58738605430651,13.834737078450242,76.8476619205879,78.2819659042267,29.423392645228574,160.06867453476877,120.60987965263135
336,tom_DTL_1_frame40.jpg,tom_DTL_1,DTL,frame40,P4,31.183415783906987,14.23515237827767,70.5908307865181,78.20772068862237,29.071951873690715,177.32392794801441,119.88355885289943
337,tom_DTL_1_frame41.jpg,tom_DTL_1,DTL,frame41,P4,30.95306050645424,13.702452821626528,65.89887303306226,78.27097765408719,28.618541855673016,166.39117990015768,119.05169848062866
338,tom_DTL_1_frame42.jpg,tom_DTL_1,DTL,frame42,P4,30.43126924866751,13.469567042935964,62.37710724694534,78.12268967217557,28.05855635215488,162.0532695047469,118.54837671862052
339,tom_DTL_1_frame43.jpg,tom_DTL_1,DTL,frame43,P4,29.620160187416023,13.49857812737866,38.15708271459516,75.7930960529338,27.948901604069707,158.2860229495032,118.24887731352536
340,tom_DTL_1_frame44.jpg,tom_DTL_1,DTL,frame44,P4,29.16910448657875,13.696309038977779,42.70744421729263,75.80996521100985,27.610256358086417,155.62216520641897,118.77290124970247
341,tom_DTL_1_frame45.jpg,tom_DTL_1,DTL,frame45,P4,29.568185844278105,13.604598779381705,48.158420007323464,76.20892292646226,27.852988381232603,158.32242019067684,118.98309142673688
342,tom_DTL_1_frame46.jpg,tom_DTL_1,DTL,frame46,P5,29.80088343880379,14.277054450122282,69.72652547248178,78.11367509519191,27.638967978282093,169.8927184893136,121.32052779469072
343,tom_DTL_1_frame47.jpg,tom_DTL_1,DTL,frame47,P5,28.807211768074055,13.96599830707056,76.12069701759509,78.68211646267392,28.230108578613933,166.68529541501707,128.06773732369902
344,tom_DTL_1_frame48.jpg,tom_DTL_1,DTL,frame48,P5,22.558657838914197,13.272544412834105,78.01976200157941,79.94739363364613,27.357590624555463,162.4817764119591,141.4707631534291
345,tom_DTL_1_frame49.jpg,tom_DTL_1,DTL,frame49,P6,4.965681225040839,0.45276394114404983,81.14840547505682,82.01184152423129,25.901051756505073,174.49509724679643,150.81168132989728
346,tom_DTL_1_frame50.jpg,tom_DTL_1,DTL,frame50,P7,86.95735251183044,65.75185571947237,89.80151549694358,89.00369062571228,24.00959517929528,175.46951299104396,162.94883315261546
347,tom_DTL_1_frame51.jpg,tom_DTL_1,DTL,frame51,P8,51.348469135015726,32.4064731952606,83.56795058786666,84.23886161607146,23.136409779197102,125.20814545103549,157.81833413338038
348,tom_DTL_1_frame52.jpg,tom_DTL_1,DTL,frame52,P9,51.96175325298068,34.187908680148965,81.44710011179876,83.11753477071932,21.922324350273357,83.9835843384782,157.45334895075703
349,tom_DTL_1_frame53.jpg,tom_DTL_1,DTL,frame53,P9,41.3228594813495,26.336509633477093,77.30034334957425,80.99612879802312,23.411849282970888,82.11429367290698,159.7332518605852
350,tom_DTL_1_frame54.jpg,tom_DTL_1,DTL,frame54,P9,34.79699429648865,20.459572576133993,76.05634445576466,80.04005655917166,23.890632521276483,84.96912464562433,165.06665708576276
351,tom_DTL_1_frame55.jpg,tom_DTL_1,DTL,frame55,P9,28.361631951148546,17.482597753531966,64.04994177002816,74.03887714554325,23.620902983049973,30.852090227646396,168.5945431754594
352,tom_DTL_1_frame56.jpg,tom_DTL_1,DTL,frame56,P9,27.557135419666704,15.717923843306503,49.13386752855987,70.06725526591346,23.723429916776286,100.0858926776776,173.5011889965618
353,tom_DTL_1_frame57.jpg,tom_DTL_1,DTL,frame57,P9,21.68281558500621,15.817153463307518,37.72499517972925,61.48783471293063,23.37414076291565,98.88934957865109,177.35894312607127
354,tom_DTL_1_frame59.jpg,tom_DTL_1,DTL,frame59,P10,20.950017165234296,14.38217324135958,4.254175748248271,22.92621731548319,23.267545674050172,105.10676831420732,177.470043619842
355,tom_DTL_1_frame60.jpg,tom_DTL_1,DTL,frame60,P10,20.298851358410626,13.117379683986005,32.32687062222476,20.081147429943712,23.156328151348266,102.8500935767865,176.23487118547584
356,tom_DTL_1_frame61.jpg,tom_DTL_1,DTL,frame61,P10,15.921430168940201,11.67953756513098,57.39467929397006,49.709285254344024,22.01462889569339,104.65228001057275,176.49474626372432
357,tom_DTL_1_frame62.jpg,tom_DTL_1,DTL,frame62,P10,13.922376871814365,10.809128982246673,65.45971035789972,61.70569115307694,21.487281595690757,104.52981134515322,175.54720502563993
358,tom_DTL_1_frame63.jpg,tom_DTL_1,DTL,frame63,P10,13.046871748331403,10.775442763136553,72.43267022834146,68.9500382037599,21.221489052769755,105.62815374204047,174.45396618514218
359,tom_DTL_1_frame64.jpg,tom_DTL_1,DTL,frame64,P10,11.383722067917185,10.16259788568303,73.86988403646967,70.84441362337111,20.780030882076268,105.96613162211649,174.1734091292162
360,tom_DTL_2_frame0.jpg,tom_DTL_2,DTL,frame0,P1,11.809777362135844,24.279962789717782,79.8846742945858,85.86214060192961,26.046068991796165,172.94264854264924,160.26492064197464
361,tom_DTL_2_frame6.jpg,tom_DTL_2,DTL,frame6,P1,24.525775633525384,2.6048833174863386,89.84836777009814,86.11409263733206,34.02521519330728,170.2648000423336,162.24427199329435
362,tom_DTL_2_frame8.jpg,tom_DTL_2,DTL,frame8,P1,27.431313729230283,6.59930900345023,88.24683054843179,84.78860679249385,35.1393575074363,168.307467722045,167.33214650035697
363,tom_DTL_2_frame9.jpg,tom_DTL_2,DTL,frame9,P1,31.67144511823153,7.442778776573164,87.0090506482362,83.84225652480741,36.070620806594135,168.88356296772764,167.6840328329697
364,tom_DTL_2_frame10.jpg,tom_DTL_2,DTL,frame10,P1,27.825562022189217,4.043274905094279,86.57903851612731,83.71317648774621,35.33973325994044,172.04816932071316,165.62804468112375
365,tom_DTL_2_frame11.jpg,tom_DTL_2,DTL,frame11,P1,27.657656661914814,3.150046207579976,86.37636792674543,83.62422351350128,35.19895654506274,173.25207882145187,166.0918976593362
366,tom_DTL_2_frame12.jpg,tom_DTL_2,DTL,frame12,P1,28.943336380115454,6.6081739116178255,85.37558727150656,83.03750900455067,35.285602943450115,173.22907162255387,161.96446089968427
367,tom_DTL_2_frame13.jpg,tom_DTL_2,DTL,frame13,P2,26.500295735366414,10.25892407457502,84.58173588701713,82.51446413693645,34.07040896508959,177.4814995014008,163.05399347413032
368,tom_DTL_2_frame14.jpg,tom_DTL_2,DTL,frame14,P2,26.186817657135993,14.615007796069149,83.4913711379469,81.2055449441316,33.38040818905348,179.27037213965014,158.31638073035302
369,tom_DTL_2_frame15.jpg,tom_DTL_2,DTL,frame15,P2,28.64161522626848,17.04650647490472,82.78413138818696,80.09811615432463,32.09590314327149,176.31862415829332,158.49595402570404
370,tom_DTL_2_frame16.jpg,tom_DTL_2,DTL,frame16,P2,30.02734315982747,15.810929752809772,82.8748319726931,80.74184900757055,32.525242631935875,173.9916398439656,157.00959295821824
371,tom_DTL_2_frame17.jpg,tom_DTL_2,DTL,frame17,P2,32.025635503647514,18.63450007568936,81.2973731288711,79.47040210638325,31.33440672457842,169.85115090031675,158.9693345806171
372,tom_DTL_2_frame18.jpg,tom_DTL_2,DTL,frame18,P2,34.00607543892835,19.630565238387064,78.46514257063636,78.5493272188784,31.69079294108957,171.45793962044985,159.35407303326346
373,tom_DTL_2_frame19.jpg,tom_DTL_2,DTL,frame19,P3,36.036407343277546,22.09478268965952,76.14575952913732,77.98315538856964,32.0841775072989,168.78654297607673,157.63187478128765
374,tom_DTL_2_frame20.jpg,tom_DTL_2,DTL,frame20,P3,39.27564370317736,23.307461836191553,75.41323099860445,77.86742937179969,32.45588478724663,155.65110432871072,154.70896692272552
375,tom_DTL_2_frame21.jpg,tom_DTL_2,DTL,frame21,P3,38.820466911663516,20.868369993011274,74.92862502359833,77.72782453036899,31.624409584387326,135.227208729813,152.5355509234038
376,tom_DTL_2_frame22.jpg,tom_DTL_2,DTL,frame22,P3,41.65844587485026,20.085695120754664,77.08015005731446,78.26221340144794,31.592258903434693,105.06486838364285,149.94420135413014
377,tom_DTL_2_frame23.jpg,tom_DTL_2,DTL,frame23,P3,42.77844847252339,20.16910304151775,75.11471322781243,78.11030787328833,30.989495366493426,97.31225483836992,149.81219344068623
378,tom_DTL_2_frame24.jpg,tom_DTL_2,DTL,frame24,P3,42.58658388631183,19.73409656348295,74.71843999341557,78.40579659389624,30.842395292964117,96.49371831230108,148.0861126078778
379,tom_DTL_2_frame25.jpg,tom_DTL_2,DTL,frame25,P3,41.5448191581488,20.048449007223248,76.56990528247212,79.37295041794859,30.32329166609917,117.94789229056141,146.73604294431527
380,tom_DTL_2_frame26.jpg,tom_DTL_2,DTL,frame26,P4,39.362212183486726,19.326671045602478,76.78277986472162,79.8263291213185,30.214766397130003,114.29891752237981,146.0379685765953
381,tom_DTL_2_frame27.jpg,tom_DTL_2,DTL,frame27,P4,39.204933053362275,19.567189962737555,77.35774465320652,80.10977641431778,30.636013512624984,122.93721926342728,144.85447298231324
382,tom_DTL_2_frame28.jpg,tom_DTL_2,DTL,frame28,P4,40.602735030399884,19.77373277337103,77.46291041347754,80.31127742788269,31.099572668870724,124.86129721466666,143.6332896550873
383,tom_DTL_2_frame29.jpg,tom_DTL_2,DTL,frame29,P4,41.63948297471304,19.616779009604535,77.81099281116317,80.26185076069753,30.842812203277177,124.83855511934127,143.72117478143426
384,tom_DTL_2_frame30.jpg,tom_DTL_2,DTL,frame30,P4,41.41745583723168,18.971624169805935,77.29128415845156,80.23243997556918,30.853134242592105,125.58880939169958,143.46232410150785
385,tom_DTL_2_frame31.jpg,tom_DTL_2,DTL,frame31,P4,41.06548579622812,18.226601637462647,76.98028779693233,80.29795583711555,30.80069571538346,126.32552576913585,141.9776999184705
386,tom_DTL_2_frame32.jpg,tom_DTL_2,DTL,frame32,P4,40.92858684196113,15.940730730826584,77.69188894758923,80.54655053014544,30.927688990155513,125.67854552184129,140.95497070284483
387,tom_DTL_2_frame33.jpg,tom_DTL_2,DTL,frame33,P5,41.22782885573948,15.243055220327566,74.85468544831981,80.491825351376,31.526672701009154,126.17460230955389,140.14729852627823
388,tom_DTL_2_frame34.jpg,tom_DTL_2,DTL,frame34,P5,40.822494621780706,14.522925428057704,77.43480136215629,80.87367096924912,32.459385519604766,104.97751929870354,140.14513785468264
389,tom_DTL_2_frame35.jpg,tom_DTL_2,DTL,frame35,P5,36.446434504066715,14.315510302978366,79.45359684377472,81.20487551182934,32.76163648483978,168.810321194082,145.72964084490067
390,tom_DTL_2_frame36.jpg,tom_DTL_2,DTL,frame36,P6,32.83224557588693,7.303992398008461,82.31942582226488,81.43035636121347,32.17508009221654,176.3978306776251,148.76635340241106
391,tom_DTL_2_frame37.jpg,tom_DTL_2,DTL,frame37,P7,27.28704314720744,8.031737284103512,85.83416178056672,82.87715602023306,30.288908732736537,177.25200157080948,160.26054698280936
392,tom_DTL_2_frame38.jpg,tom_DTL_2,DTL,frame38,P7,27.49189394975047,31.267281262947705,89.27714763778076,86.77118066887608,26.937724590073078,176.26607147071323,175.03894973175505
393,tom_DTL_2_frame39.jpg,tom_DTL_2,DTL,frame39,P7,46.0488402063886,31.450201499285694,86.03510382653698,86.32818043249459,24.76804973172788,159.5770143097131,178.37658181936942
394,tom_DTL_2_frame40.jpg,tom_DTL_2,DTL,frame40,P8,52.21689513685254,26.69495248796089,82.28636828011062,83.62065403615311,24.79594837832187,127.12852488713712,179.7743710400844
395,tom_DTL_2_frame41.jpg,tom_DTL_2,DTL,frame41,P8,49.424002567482454,22.089608944947525,78.71469867759997,79.97878825692811,23.761843631803046,61.564528462053225,178.56865509627758
396,tom_DTL_2_frame42.jpg,tom_DTL_2,DTL,frame42,P9,41.20025750408836,26.480764687169398,78.51734624588943,80.79115062221162,22.663123016203855,86.8492581714249,172.1300143853001
397,tom_DTL_2_frame43.jpg,tom_DTL_2,DTL,frame43,P9,33.194572683289536,21.66801196991741,70.95516209410897,77.37153234334225,22.817378196396433,98.17325196962868,171.36830560510558
398,tom_DTL_2_frame44.jpg,tom_DTL_2,DTL,frame44,P9,28.044820079134528,18.742448951729095,53.52156087115839,69.67568062277239,22.92080930282826,57.15102824852171,171.89379836249034
399,tom_DTL_2_frame45.jpg,tom_DTL_2,DTL,frame45,P9,28.64445416000332,16.50260332557483,33.84003966080758,39.44678999544984,23.47751359155974,31.150649654854078,173.39709274930536
400,tom_DTL_2_frame46.jpg,tom_DTL_2,DTL,frame46,P10,28.23968713765795,15.386374073559676,42.577308309691716,3.6146649426624897,22.984609534532268,41.40743330316196,176.25559340590226
401,tom_DTL_2_frame47.jpg,tom_DTL_2,DTL,frame47,P10,25.05771806378084,14.18020537772339,58.60505210390528,37.01842043091756,21.64203316398478,50.66240826209687,178.3247931904292
402,tom_DTL_2_frame48.jpg,tom_DTL_2,DTL,frame48,P10,23.589274389380577,13.482080230672524,54.750171951478876,33.44554271850467,20.693346444875502,53.96627345701023,179.65335642420098
403,tom_DTL_2_frame49.jpg,tom_DTL_2,DTL,frame49,P10,21.04878390540547,13.2297897406059,51.35398412411399,10.318759819781803,20.429080945790744,58.41612121443502,179.48387950345727
404,tom_DTL_2_frame50.jpg,tom_DTL_2,DTL,frame50,P10,18.570994742817273,12.065333561637136,51.72326080112106,10.803366471261086,20.223175886933753,63.27583352741441,179.59419604175474
